reform_name,year,baseline_revenue,reform_revenue,revenue_impact,scoring_type,reform_display,pct_of_baseline
option1,2026,2577.12,2474.28,-102.84,static,Option 1: Full Repeal,-3.99
option1,2027,2748.99,2637.99,-111.0,static,Option 1: Full Repeal,-4.04
option1,2028,2959.05,2837.76,-121.29,static,Option 1: Full Repeal,-4.1
option1,2029,3205.07,3071.06,-134.01,static,Option 1: Full Repeal,-4.18
option1,2030,3432.78,3287.89,-144.88,static,Option 1: Full Repeal,-4.22
option1,2031,3640.49,3485.48,-155.01,static,Option 1: Full Repeal,-4.26
option1,2032,3875.09,3708.57,-166.52,static,Option 1: Full Repeal,-4.3
option1,2033,4113.22,3934.86,-178.36,static,Option 1: Full Repeal,-4.34
option1,2034,4359.97,4168.85,-191.11,static,Option 1: Full Repeal,-4.38
option1,2035,4594.77,4390.48,-204.29,static,Option 1: Full Repeal,-4.45
option1,2036,4849.61,4631.78,-217.83,static,Option 1: Full Repeal,-4.49
option1,2037,5094.79,4863.42,-231.37,static,Option 1: Full Repeal,-4.54
option1,2038,5363.14,5117.05,-246.09,static,Option 1: Full Repeal,-4.59
option1,2039,5640.56,5379.3,-261.26,static,Option 1: Full Repeal,-4.63
option1,2040,5933.52,5656.8,-276.71,static,Option 1: Full Repeal,-4.66
option1,2041,6242.52,5948.84,-293.67,static,Option 1: Full Repeal,-4.7
option1,2042,6580.47,6268.53,-311.94,static,Option 1: Full Repeal,-4.74
option1,2043,6899.38,6569.75,-329.63,static,Option 1: Full Repeal,-4.78
option1,2044,7238.5,6890.05,-348.45,static,Option 1: Full Repeal,-4.81
option1,2045,7600.21,7233.28,-366.93,static,Option 1: Full Repeal,-4.83
option1,2046,7973.89,7590.5,-383.39,static,Option 1: Full Repeal,-4.81
option1,2047,8334.26,7935.05,-399.21,static,Option 1: Full Repeal,-4.79
option1,2048,8718.71,8300.45,-418.26,static,Option 1: Full Repeal,-4.8
option1,2049,9120.62,8679.14,-441.48,static,Option 1: Full Repeal,-4.84
option1,2050,9530.97,9068.43,-462.54,static,Option 1: Full Repeal,-4.85
option1,2051,9983.26,9494.46,-488.79,static,Option 1: Full Repeal,-4.9
option1,2052,10469.06,9951.94,-517.12,static,Option 1: Full Repeal,-4.94
option1,2053,10982.44,10433.96,-548.48,static,Option 1: Full Repeal,-4.99
option1,2054,11373.45,10844.28,-529.16,static,Option 1: Full Repeal,-4.65
option1,2055,11908.14,11353.37,-554.77,static,Option 1: Full Repeal,-4.66
option1,2056,12458.22,11882.6,-575.62,static,Option 1: Full Repeal,-4.62
option1,2057,13070.63,12467.18,-603.45,static,Option 1: Full Repeal,-4.62
option1,2058,13699.73,13067.15,-632.59,static,Option 1: Full Repeal,-4.62
option1,2059,14353.91,13690.48,-663.43,static,Option 1: Full Repeal,-4.62
option1,2060,14992.6,14305.21,-687.38,static,Option 1: Full Repeal,-4.58
option1,2061,15722.0,15002.06,-719.93,static,Option 1: Full Repeal,-4.58
option1,2062,16488.32,15733.46,-754.86,static,Option 1: Full Repeal,-4.58
option1,2063,17226.24,16441.45,-784.8,static,Option 1: Full Repeal,-4.56
option1,2064,18071.35,17248.29,-823.07,static,Option 1: Full Repeal,-4.55
option1,2065,18912.34,18056.95,-855.38,static,Option 1: Full Repeal,-4.52
option1,2066,19850.73,18952.68,-898.06,static,Option 1: Full Repeal,-4.52
option1,2067,20848.53,19907.13,-941.39,static,Option 1: Full Repeal,-4.52
option1,2068,21812.18,20834.68,-977.5,static,Option 1: Full Repeal,-4.48
option1,2069,22869.44,21844.71,-1024.73,static,Option 1: Full Repeal,-4.48
option1,2070,23907.0,22843.84,-1063.16,static,Option 1: Full Repeal,-4.45
option1,2071,25059.42,23945.29,-1114.13,static,Option 1: Full Repeal,-4.45
option1,2072,26234.06,25067.46,-1166.6,static,Option 1: Full Repeal,-4.45
option1,2073,27401.86,26193.61,-1208.25,static,Option 1: Full Repeal,-4.41
option1,2074,28705.08,27441.1,-1263.98,static,Option 1: Full Repeal,-4.4
option1,2075,29992.34,28682.8,-1309.54,static,Option 1: Full Repeal,-4.37
option1,2076,31457.65,30086.62,-1371.02,static,Option 1: Full Repeal,-4.36
option1,2077,32859.48,31439.48,-1419.99,static,Option 1: Full Repeal,-4.32
option1,2078,34318.66,32846.6,-1472.06,static,Option 1: Full Repeal,-4.29
option1,2079,35979.19,34437.75,-1541.44,static,Option 1: Full Repeal,-4.28
option1,2080,37538.39,35938.78,-1599.6,static,Option 1: Full Repeal,-4.26
option1,2081,39205.5,37545.64,-1659.86,static,Option 1: Full Repeal,-4.23
option1,2082,40984.77,39262.15,-1722.61,static,Option 1: Full Repeal,-4.2
option1,2083,42866.99,41077.68,-1789.31,static,Option 1: Full Repeal,-4.17
option1,2084,44798.29,42939.92,-1858.37,static,Option 1: Full Repeal,-4.15
option1,2085,46888.05,44955.86,-1932.19,static,Option 1: Full Repeal,-4.12
option1,2086,48928.27,46935.23,-1993.04,static,Option 1: Full Repeal,-4.07
option1,2087,51158.01,49086.43,-2071.58,static,Option 1: Full Repeal,-4.05
option1,2088,53549.63,51394.57,-2155.05,static,Option 1: Full Repeal,-4.02
option1,2089,55971.3,53748.76,-2222.53,static,Option 1: Full Repeal,-3.97
option1,2090,58704.22,56386.85,-2317.37,static,Option 1: Full Repeal,-3.95
option1,2091,61628.99,59209.24,-2419.75,static,Option 1: Full Repeal,-3.93
option1,2092,64545.56,62043.52,-2502.04,static,Option 1: Full Repeal,-3.88
option1,2093,67574.07,64978.45,-2595.63,static,Option 1: Full Repeal,-3.84
option1,2094,70632.72,67941.27,-2691.45,static,Option 1: Full Repeal,-3.81
option1,2095,73811.65,71016.95,-2794.71,static,Option 1: Full Repeal,-3.79
option1,2096,77112.31,74201.12,-2911.18,static,Option 1: Full Repeal,-3.78
option1,2097,80479.03,77475.82,-3003.21,static,Option 1: Full Repeal,-3.73
option1,2098,84219.44,81099.06,-3120.39,static,Option 1: Full Repeal,-3.71
option1,2099,88154.52,84887.65,-3266.87,static,Option 1: Full Repeal,-3.71
option1,2100,92210.69,88816.05,-3394.64,static,Option 1: Full Repeal,-3.68
option2,2026,2577.12,2605.38,28.26,static,Option 2: 85% Taxation,1.1
option2,2027,2748.99,2778.6,29.61,static,Option 2: 85% Taxation,1.08
option2,2028,2959.05,2989.9,30.84,static,Option 2: 85% Taxation,1.04
option2,2029,3205.07,3247.7,42.63,static,Option 2: 85% Taxation,1.33
option2,2030,3432.78,3477.38,44.6,static,Option 2: 85% Taxation,1.3
option2,2031,3640.49,3686.93,46.44,static,Option 2: 85% Taxation,1.28
option2,2032,3875.09,3923.45,48.36,static,Option 2: 85% Taxation,1.25
option2,2033,4113.22,4163.25,50.04,static,Option 2: 85% Taxation,1.22
option2,2034,4359.97,4411.14,51.17,static,Option 2: 85% Taxation,1.17
option2,2035,4594.77,4646.78,52.01,static,Option 2: 85% Taxation,1.13
option2,2036,4849.61,4903.13,53.53,static,Option 2: 85% Taxation,1.1
option2,2037,5094.79,5149.85,55.06,static,Option 2: 85% Taxation,1.08
option2,2038,5363.14,5419.56,56.42,static,Option 2: 85% Taxation,1.05
option2,2039,5640.56,5698.36,57.8,static,Option 2: 85% Taxation,1.02
option2,2040,5933.52,5992.83,59.31,static,Option 2: 85% Taxation,1.0
option2,2041,6242.52,6303.2,60.68,static,Option 2: 85% Taxation,0.97
option2,2042,6580.47,6642.23,61.76,static,Option 2: 85% Taxation,0.94
option2,2043,6899.38,6962.61,63.23,static,Option 2: 85% Taxation,0.92
option2,2044,7238.5,7303.22,64.73,static,Option 2: 85% Taxation,0.89
option2,2045,7600.21,7667.23,67.02,static,Option 2: 85% Taxation,0.88
option2,2046,7973.89,8044.14,70.25,static,Option 2: 85% Taxation,0.88
option2,2047,8334.26,8408.15,73.89,static,Option 2: 85% Taxation,0.89
option2,2048,8718.71,8794.3,75.6,static,Option 2: 85% Taxation,0.87
option2,2049,9120.62,9196.27,75.65,static,Option 2: 85% Taxation,0.83
option2,2050,9530.97,9606.96,75.99,static,Option 2: 85% Taxation,0.8
option2,2051,9983.26,10058.86,75.61,static,Option 2: 85% Taxation,0.76
option2,2052,10469.06,10543.94,74.88,static,Option 2: 85% Taxation,0.72
option2,2053,10982.44,11057.67,75.23,static,Option 2: 85% Taxation,0.69
option2,2054,11373.45,11464.53,91.08,static,Option 2: 85% Taxation,0.8
option2,2055,11908.14,12002.83,94.69,static,Option 2: 85% Taxation,0.8
option2,2056,12458.22,12557.6,99.37,static,Option 2: 85% Taxation,0.8
option2,2057,13070.63,13173.89,103.27,static,Option 2: 85% Taxation,0.79
option2,2058,13699.73,13807.15,107.42,static,Option 2: 85% Taxation,0.78
option2,2059,14353.91,14465.56,111.66,static,Option 2: 85% Taxation,0.78
option2,2060,14992.6,15109.62,117.03,static,Option 2: 85% Taxation,0.78
option2,2061,15722.0,15843.56,121.57,static,Option 2: 85% Taxation,0.77
option2,2062,16488.32,16614.15,125.83,static,Option 2: 85% Taxation,0.76
option2,2063,17226.24,17357.81,131.57,static,Option 2: 85% Taxation,0.76
option2,2064,18071.35,18207.77,136.42,static,Option 2: 85% Taxation,0.75
option2,2065,18912.34,19054.94,142.61,static,Option 2: 85% Taxation,0.75
option2,2066,19850.73,19998.73,147.99,static,Option 2: 85% Taxation,0.75
option2,2067,20848.53,21001.98,153.45,static,Option 2: 85% Taxation,0.74
option2,2068,21812.18,21972.79,160.61,static,Option 2: 85% Taxation,0.74
option2,2069,22869.44,23036.22,166.78,static,Option 2: 85% Taxation,0.73
option2,2070,23907.0,24081.62,174.62,static,Option 2: 85% Taxation,0.73
option2,2071,25059.42,25240.81,181.39,static,Option 2: 85% Taxation,0.72
option2,2072,26234.06,26422.5,188.44,static,Option 2: 85% Taxation,0.72
option2,2073,27401.86,27599.65,197.79,static,Option 2: 85% Taxation,0.72
option2,2074,28705.08,28911.24,206.16,static,Option 2: 85% Taxation,0.72
option2,2075,29992.34,30208.91,216.57,static,Option 2: 85% Taxation,0.72
option2,2076,31457.65,31682.88,225.23,static,Option 2: 85% Taxation,0.72
option2,2077,32859.48,33096.08,236.6,static,Option 2: 85% Taxation,0.72
option2,2078,34318.66,34567.13,248.47,static,Option 2: 85% Taxation,0.72
option2,2079,35979.19,36237.7,258.51,static,Option 2: 85% Taxation,0.72
option2,2080,37538.39,37808.74,270.36,static,Option 2: 85% Taxation,0.72
option2,2081,39205.5,39488.18,282.69,static,Option 2: 85% Taxation,0.72
option2,2082,40984.77,41279.76,294.99,static,Option 2: 85% Taxation,0.72
option2,2083,42866.99,43174.73,307.74,static,Option 2: 85% Taxation,0.72
option2,2084,44798.29,45119.36,321.08,static,Option 2: 85% Taxation,0.72
option2,2085,46888.05,47221.86,333.81,static,Option 2: 85% Taxation,0.71
option2,2086,48928.27,49278.08,349.81,static,Option 2: 85% Taxation,0.71
option2,2087,51158.01,51522.77,364.76,static,Option 2: 85% Taxation,0.71
option2,2088,53549.63,53929.22,379.59,static,Option 2: 85% Taxation,0.71
option2,2089,55971.3,56368.91,397.62,static,Option 2: 85% Taxation,0.71
option2,2090,58704.22,59116.88,412.65,static,Option 2: 85% Taxation,0.7
option2,2091,61628.99,62056.35,427.36,static,Option 2: 85% Taxation,0.69
option2,2092,64545.56,64990.57,445.01,static,Option 2: 85% Taxation,0.69
option2,2093,67574.07,68037.17,463.1,static,Option 2: 85% Taxation,0.69
option2,2094,70632.72,71115.51,482.79,static,Option 2: 85% Taxation,0.68
option2,2095,73811.65,74315.26,503.61,static,Option 2: 85% Taxation,0.68
option2,2096,77112.31,77637.96,525.65,static,Option 2: 85% Taxation,0.68
option2,2097,80479.03,81030.88,551.85,static,Option 2: 85% Taxation,0.69
option2,2098,84219.44,84794.89,575.45,static,Option 2: 85% Taxation,0.68
option2,2099,88154.52,88751.96,597.44,static,Option 2: 85% Taxation,0.68
option2,2100,92210.69,92835.74,625.05,static,Option 2: 85% Taxation,0.68
option3,2026,2577.12,2605.38,28.26,static,Option 3: 85% + Senior Deduction,1.1
option3,2027,2748.99,2778.6,29.61,static,Option 3: 85% + Senior Deduction,1.08
option3,2028,2959.05,2989.9,30.84,static,Option 3: 85% + Senior Deduction,1.04
option3,2029,3205.07,3212.19,7.12,static,Option 3: 85% + Senior Deduction,0.22
option3,2030,3432.78,3441.35,8.57,static,Option 3: 85% + Senior Deduction,0.25
option3,2031,3640.49,3650.44,9.95,static,Option 3: 85% + Senior Deduction,0.27
option3,2032,3875.09,3886.75,11.66,static,Option 3: 85% + Senior Deduction,0.3
option3,2033,4113.22,4126.72,13.51,static,Option 3: 85% + Senior Deduction,0.33
option3,2034,4359.97,4374.59,14.62,static,Option 3: 85% + Senior Deduction,0.34
option3,2035,4594.77,4610.29,15.52,static,Option 3: 85% + Senior Deduction,0.34
option3,2036,4849.61,4866.64,17.03,static,Option 3: 85% + Senior Deduction,0.35
option3,2037,5094.79,5113.68,18.89,static,Option 3: 85% + Senior Deduction,0.37
option3,2038,5363.14,5383.84,20.71,static,Option 3: 85% + Senior Deduction,0.39
option3,2039,5640.56,5663.29,22.73,static,Option 3: 85% + Senior Deduction,0.4
option3,2040,5933.52,5957.81,24.29,static,Option 3: 85% + Senior Deduction,0.41
option3,2041,6242.52,6268.1,25.59,static,Option 3: 85% + Senior Deduction,0.41
option3,2042,6580.47,6607.63,27.16,static,Option 3: 85% + Senior Deduction,0.41
option3,2043,6899.38,6929.03,29.65,static,Option 3: 85% + Senior Deduction,0.43
option3,2044,7238.5,7270.01,31.51,static,Option 3: 85% + Senior Deduction,0.44
option3,2045,7600.21,7634.2,33.98,static,Option 3: 85% + Senior Deduction,0.45
option3,2046,7973.89,8010.94,37.05,static,Option 3: 85% + Senior Deduction,0.46
option3,2047,8334.26,8374.11,39.85,static,Option 3: 85% + Senior Deduction,0.48
option3,2048,8718.71,8759.78,41.07,static,Option 3: 85% + Senior Deduction,0.47
option3,2049,9120.62,9161.73,41.1,static,Option 3: 85% + Senior Deduction,0.45
option3,2050,9530.97,9572.17,41.2,static,Option 3: 85% + Senior Deduction,0.43
option3,2051,9983.26,10024.28,41.02,static,Option 3: 85% + Senior Deduction,0.41
option3,2052,10469.06,10509.74,40.68,static,Option 3: 85% + Senior Deduction,0.39
option3,2053,10982.44,11024.56,42.12,static,Option 3: 85% + Senior Deduction,0.38
option3,2054,11373.45,11435.34,61.89,static,Option 3: 85% + Senior Deduction,0.54
option3,2055,11908.14,11973.89,65.75,static,Option 3: 85% + Senior Deduction,0.55
option3,2056,12458.22,12528.89,70.66,static,Option 3: 85% + Senior Deduction,0.57
option3,2057,13070.63,13145.59,74.96,static,Option 3: 85% + Senior Deduction,0.57
option3,2058,13699.73,13779.29,79.55,static,Option 3: 85% + Senior Deduction,0.58
option3,2059,14353.91,14438.05,84.14,static,Option 3: 85% + Senior Deduction,0.59
option3,2060,14992.6,15082.16,89.56,static,Option 3: 85% + Senior Deduction,0.6
option3,2061,15722.0,15816.55,94.55,static,Option 3: 85% + Senior Deduction,0.6
option3,2062,16488.32,16587.56,99.24,static,Option 3: 85% + Senior Deduction,0.6
option3,2063,17226.24,17331.34,105.09,static,Option 3: 85% + Senior Deduction,0.61
option3,2064,18071.35,18181.91,110.56,static,Option 3: 85% + Senior Deduction,0.61
option3,2065,18912.34,19029.63,117.29,static,Option 3: 85% + Senior Deduction,0.62
option3,2066,19850.73,19973.96,123.23,static,Option 3: 85% + Senior Deduction,0.62
option3,2067,20848.53,20977.81,129.29,static,Option 3: 85% + Senior Deduction,0.62
option3,2068,21812.18,21949.11,136.93,static,Option 3: 85% + Senior Deduction,0.63
option3,2069,22869.44,23013.12,143.68,static,Option 3: 85% + Senior Deduction,0.63
option3,2070,23907.0,24058.86,151.86,static,Option 3: 85% + Senior Deduction,0.64
option3,2071,25059.42,25218.53,159.11,static,Option 3: 85% + Senior Deduction,0.63
option3,2072,26234.06,26400.57,166.51,static,Option 3: 85% + Senior Deduction,0.63
option3,2073,27401.86,27577.89,176.03,static,Option 3: 85% + Senior Deduction,0.64
option3,2074,28705.08,28889.92,184.84,static,Option 3: 85% + Senior Deduction,0.64
option3,2075,29992.34,30187.86,195.53,static,Option 3: 85% + Senior Deduction,0.65
option3,2076,31457.65,31662.38,204.74,static,Option 3: 85% + Senior Deduction,0.65
option3,2077,32859.48,33075.94,216.47,static,Option 3: 85% + Senior Deduction,0.66
option3,2078,34318.66,34547.38,228.71,static,Option 3: 85% + Senior Deduction,0.67
option3,2079,35979.19,36218.54,239.34,static,Option 3: 85% + Senior Deduction,0.67
option3,2080,37538.39,37790.03,251.65,static,Option 3: 85% + Senior Deduction,0.67
option3,2081,39205.5,39469.97,264.48,static,Option 3: 85% + Senior Deduction,0.67
option3,2082,40984.77,41262.0,277.23,static,Option 3: 85% + Senior Deduction,0.68
option3,2083,42866.99,43157.4,290.41,static,Option 3: 85% + Senior Deduction,0.68
option3,2084,44798.29,45102.61,304.32,static,Option 3: 85% + Senior Deduction,0.68
option3,2085,46888.05,47205.76,317.71,static,Option 3: 85% + Senior Deduction,0.68
option3,2086,48928.27,49262.44,334.17,static,Option 3: 85% + Senior Deduction,0.68
option3,2087,51158.01,51507.62,349.61,static,Option 3: 85% + Senior Deduction,0.68
option3,2088,53549.63,53914.52,364.89,static,Option 3: 85% + Senior Deduction,0.68
option3,2089,55971.3,56354.56,383.26,static,Option 3: 85% + Senior Deduction,0.68
option3,2090,58704.22,59103.01,398.79,static,Option 3: 85% + Senior Deduction,0.68
option3,2091,61628.99,62043.04,414.06,static,Option 3: 85% + Senior Deduction,0.67
option3,2092,64545.56,64977.65,432.09,static,Option 3: 85% + Senior Deduction,0.67
option3,2093,67574.07,68024.65,450.58,static,Option 3: 85% + Senior Deduction,0.67
option3,2094,70632.72,71103.36,470.64,static,Option 3: 85% + Senior Deduction,0.67
option3,2095,73811.65,74303.51,491.86,static,Option 3: 85% + Senior Deduction,0.67
option3,2096,77112.31,77626.59,514.28,static,Option 3: 85% + Senior Deduction,0.67
option3,2097,80479.03,81019.8,540.77,static,Option 3: 85% + Senior Deduction,0.67
option3,2098,84219.44,84784.23,564.79,static,Option 3: 85% + Senior Deduction,0.67
option3,2099,88154.52,88741.74,587.22,static,Option 3: 85% + Senior Deduction,0.67
option3,2100,92210.69,92835.74,625.05,static,Option 3: 85% + Senior Deduction,0.68
option4,2026,2577.12,2613.03,35.91,static,Option 4: 85% + $500 Tax Credit,1.39
option4,2027,2748.99,2786.15,37.16,static,Option 4: 85% + $500 Tax Credit,1.35
option4,2028,2959.05,2997.23,38.18,static,Option 4: 85% + $500 Tax Credit,1.29
option4,2029,3205.07,3219.22,14.14,static,Option 4: 85% + $500 Tax Credit,0.44
option4,2030,3432.78,3448.06,15.28,static,Option 4: 85% + $500 Tax Credit,0.45
option4,2031,3640.49,3656.53,16.05,static,Option 4: 85% + $500 Tax Credit,0.44
option4,2032,3875.09,3892.1,17.01,static,Option 4: 85% + $500 Tax Credit,0.44
option4,2033,4113.22,4131.11,17.89,static,Option 4: 85% + $500 Tax Credit,0.43
option4,2034,4359.97,4378.22,18.25,static,Option 4: 85% + $500 Tax Credit,0.42
option4,2035,4594.77,4613.08,18.31,static,Option 4: 85% + $500 Tax Credit,0.4
option4,2036,4849.61,4903.13,53.53,static,Option 4: 85% + $500 Tax Credit,1.1
option4,2037,5094.79,5149.85,55.06,static,Option 4: 85% + $500 Tax Credit,1.08
option4,2038,5363.14,5419.56,56.42,static,Option 4: 85% + $500 Tax Credit,1.05
option4,2039,5640.56,5698.36,57.8,static,Option 4: 85% + $500 Tax Credit,1.02
option4,2040,5933.52,5992.83,59.31,static,Option 4: 85% + $500 Tax Credit,1.0
option4,2041,6242.52,6303.2,60.68,static,Option 4: 85% + $500 Tax Credit,0.97
option4,2042,6580.47,6642.23,61.76,static,Option 4: 85% + $500 Tax Credit,0.94
option4,2043,6899.38,6962.61,63.23,static,Option 4: 85% + $500 Tax Credit,0.92
option4,2044,7238.5,7303.22,64.73,static,Option 4: 85% + $500 Tax Credit,0.89
option4,2045,7600.21,7667.23,67.02,static,Option 4: 85% + $500 Tax Credit,0.88
option4,2046,7973.89,8044.14,70.25,static,Option 4: 85% + $500 Tax Credit,0.88
option4,2047,8334.26,8408.15,73.89,static,Option 4: 85% + $500 Tax Credit,0.89
option4,2048,8718.71,8794.3,75.6,static,Option 4: 85% + $500 Tax Credit,0.87
option4,2049,9120.62,9196.27,75.65,static,Option 4: 85% + $500 Tax Credit,0.83
option4,2050,9530.97,9606.96,75.99,static,Option 4: 85% + $500 Tax Credit,0.8
option4,2051,9983.26,10058.86,75.61,static,Option 4: 85% + $500 Tax Credit,0.76
option4,2052,10469.06,10543.94,74.88,static,Option 4: 85% + $500 Tax Credit,0.72
option4,2053,10982.44,11057.67,75.23,static,Option 4: 85% + $500 Tax Credit,0.69
option4,2054,11373.45,11464.53,91.08,static,Option 4: 85% + $500 Tax Credit,0.8
option4,2055,11908.14,12002.83,94.69,static,Option 4: 85% + $500 Tax Credit,0.8
option4,2056,12458.22,12557.6,99.37,static,Option 4: 85% + $500 Tax Credit,0.8
option4,2057,13070.63,13173.89,103.27,static,Option 4: 85% + $500 Tax Credit,0.79
option4,2058,13699.73,13807.15,107.42,static,Option 4: 85% + $500 Tax Credit,0.78
option4,2059,14353.91,14465.56,111.66,static,Option 4: 85% + $500 Tax Credit,0.78
option4,2060,14992.6,15109.62,117.03,static,Option 4: 85% + $500 Tax Credit,0.78
option4,2061,15722.0,15843.56,121.57,static,Option 4: 85% + $500 Tax Credit,0.77
option4,2062,16488.32,16614.15,125.83,static,Option 4: 85% + $500 Tax Credit,0.76
option4,2063,17226.24,17357.81,131.57,static,Option 4: 85% + $500 Tax Credit,0.76
option4,2064,18071.35,18207.77,136.42,static,Option 4: 85% + $500 Tax Credit,0.75
option4,2065,18912.34,19054.94,142.61,static,Option 4: 85% + $500 Tax Credit,0.75
option4,2066,19850.73,19998.73,147.99,static,Option 4: 85% + $500 Tax Credit,0.75
option4,2067,20848.53,21001.98,153.45,static,Option 4: 85% + $500 Tax Credit,0.74
option4,2068,21812.18,21972.79,160.61,static,Option 4: 85% + $500 Tax Credit,0.74
option4,2069,22869.44,23036.22,166.78,static,Option 4: 85% + $500 Tax Credit,0.73
option4,2070,23907.0,24081.62,174.62,static,Option 4: 85% + $500 Tax Credit,0.73
option4,2071,25059.42,25240.81,181.39,static,Option 4: 85% + $500 Tax Credit,0.72
option4,2072,26234.06,26422.5,188.44,static,Option 4: 85% + $500 Tax Credit,0.72
option4,2073,27401.86,27599.65,197.79,static,Option 4: 85% + $500 Tax Credit,0.72
option4,2074,28705.08,28911.24,206.16,static,Option 4: 85% + $500 Tax Credit,0.72
option4,2075,29992.34,30208.91,216.57,static,Option 4: 85% + $500 Tax Credit,0.72
option4,2076,31457.65,31682.88,225.23,static,Option 4: 85% + $500 Tax Credit,0.72
option4,2077,32859.48,33096.08,236.6,static,Option 4: 85% + $500 Tax Credit,0.72
option4,2078,34318.66,34567.13,248.47,static,Option 4: 85% + $500 Tax Credit,0.72
option4,2079,35979.19,36237.7,258.51,static,Option 4: 85% + $500 Tax Credit,0.72
option4,2080,37538.39,37808.74,270.36,static,Option 4: 85% + $500 Tax Credit,0.72
option4,2081,39205.5,39488.18,282.69,static,Option 4: 85% + $500 Tax Credit,0.72
option4,2082,40984.77,41279.76,294.99,static,Option 4: 85% + $500 Tax Credit,0.72
option4,2083,42866.99,43174.73,307.74,static,Option 4: 85% + $500 Tax Credit,0.72
option4,2084,44798.29,45119.36,321.08,static,Option 4: 85% + $500 Tax Credit,0.72
option4,2085,46888.05,47221.86,333.81,static,Option 4: 85% + $500 Tax Credit,0.71
option4,2086,48928.27,49278.08,349.81,static,Option 4: 85% + $500 Tax Credit,0.71
option4,2087,51158.01,51522.77,364.76,static,Option 4: 85% + $500 Tax Credit,0.71
option4,2088,53549.63,53929.22,379.59,static,Option 4: 85% + $500 Tax Credit,0.71
option4,2089,55971.3,56368.91,397.62,static,Option 4: 85% + $500 Tax Credit,0.71
option4,2090,58704.22,59116.88,412.65,static,Option 4: 85% + $500 Tax Credit,0.7
option4,2091,61628.99,62056.35,427.36,static,Option 4: 85% + $500 Tax Credit,0.69
option4,2092,64545.56,64990.57,445.01,static,Option 4: 85% + $500 Tax Credit,0.69
option4,2093,67574.07,68037.17,463.1,static,Option 4: 85% + $500 Tax Credit,0.69
option4,2094,70632.72,71115.51,482.79,static,Option 4: 85% + $500 Tax Credit,0.68
option4,2095,73811.65,74315.26,503.61,static,Option 4: 85% + $500 Tax Credit,0.68
option4,2096,77112.31,77637.96,525.65,static,Option 4: 85% + $500 Tax Credit,0.68
option4,2097,80479.03,81030.88,551.85,static,Option 4: 85% + $500 Tax Credit,0.69
option4,2098,84219.44,84794.89,575.45,static,Option 4: 85% + $500 Tax Credit,0.68
option4,2099,88154.52,88751.96,597.44,static,Option 4: 85% + $500 Tax Credit,0.68
option4,2100,92210.69,92835.74,625.05,static,Option 4: 85% + $500 Tax Credit,0.68
option5,2026,2577.12,2647.86,70.74,static,Option 5: Roth-Style Swap,2.74
option5,2027,2748.99,2821.94,72.95,static,Option 5: Roth-Style Swap,2.65
option5,2028,2959.05,3032.67,73.61,static,Option 5: Roth-Style Swap,2.49
option5,2029,3205.07,3277.0,71.93,static,Option 5: Roth-Style Swap,2.24
option5,2030,3432.78,3507.04,74.26,static,Option 5: Roth-Style Swap,2.16
option5,2031,3640.49,3716.08,75.59,static,Option 5: Roth-Style Swap,2.08
option5,2032,3875.09,3951.54,76.45,static,Option 5: Roth-Style Swap,1.97
option5,2033,4113.22,4190.07,76.86,static,Option 5: Roth-Style Swap,1.87
option5,2034,4359.97,4436.65,76.68,static,Option 5: Roth-Style Swap,1.76
option5,2035,4594.77,4670.91,76.14,static,Option 5: Roth-Style Swap,1.66
option5,2036,4849.61,4922.92,73.31,static,Option 5: Roth-Style Swap,1.51
option5,2037,5094.79,5165.24,70.45,static,Option 5: Roth-Style Swap,1.38
option5,2038,5363.14,5429.97,66.84,static,Option 5: Roth-Style Swap,1.25
option5,2039,5640.56,5704.09,63.53,static,Option 5: Roth-Style Swap,1.13
option5,2040,5933.52,5993.21,59.69,static,Option 5: Roth-Style Swap,1.01
option5,2041,6242.52,6297.43,54.92,static,Option 5: Roth-Style Swap,0.88
option5,2042,6580.47,6630.39,49.92,static,Option 5: Roth-Style Swap,0.76
option5,2043,6899.38,6944.96,45.58,static,Option 5: Roth-Style Swap,0.66
option5,2044,7238.5,7278.19,39.7,static,Option 5: Roth-Style Swap,0.55
option5,2045,7600.21,7634.64,34.42,static,Option 5: Roth-Style Swap,0.45
option5,2046,7973.89,8005.7,31.81,static,Option 5: Roth-Style Swap,0.4
option5,2047,8334.26,8364.84,30.58,static,Option 5: Roth-Style Swap,0.37
option5,2048,8718.71,8745.88,27.17,static,Option 5: Roth-Style Swap,0.31
option5,2049,9120.62,9140.57,19.94,static,Option 5: Roth-Style Swap,0.22
option5,2050,9530.97,9545.81,14.84,static,Option 5: Roth-Style Swap,0.16
option5,2051,9983.26,9987.22,3.96,static,Option 5: Roth-Style Swap,0.04
option5,2052,10469.06,10460.22,-8.84,static,Option 5: Roth-Style Swap,-0.08
option5,2053,10982.44,10958.15,-24.3,static,Option 5: Roth-Style Swap,-0.22
option5,2054,11373.45,11385.35,11.91,static,Option 5: Roth-Style Swap,0.1
option5,2055,11908.14,11911.13,2.99,static,Option 5: Roth-Style Swap,0.03
option5,2056,12458.22,12457.98,-0.25,static,Option 5: Roth-Style Swap,-0.0
option5,2057,13070.63,13059.68,-10.95,static,Option 5: Roth-Style Swap,-0.08
option5,2058,13699.73,13677.29,-22.44,static,Option 5: Roth-Style Swap,-0.16
option5,2059,14353.91,14317.68,-36.23,static,Option 5: Roth-Style Swap,-0.25
option5,2060,14992.6,14949.91,-42.68,static,Option 5: Roth-Style Swap,-0.28
option5,2061,15722.0,15664.15,-57.84,static,Option 5: Roth-Style Swap,-0.37
option5,2062,16488.32,16413.9,-74.42,static,Option 5: Roth-Style Swap,-0.45
option5,2063,17226.24,17139.96,-86.28,static,Option 5: Roth-Style Swap,-0.5
option5,2064,18071.35,17965.37,-105.98,static,Option 5: Roth-Style Swap,-0.59
option5,2065,18912.34,18792.66,-119.67,static,Option 5: Roth-Style Swap,-0.63
option5,2066,19850.73,19707.31,-143.42,static,Option 5: Roth-Style Swap,-0.72
option5,2067,20848.53,20681.1,-167.43,static,Option 5: Roth-Style Swap,-0.8
option5,2068,21812.18,21628.94,-183.24,static,Option 5: Roth-Style Swap,-0.84
option5,2069,22869.44,22660.78,-208.67,static,Option 5: Roth-Style Swap,-0.91
option5,2070,23907.0,23682.6,-224.4,static,Option 5: Roth-Style Swap,-0.94
option5,2071,25059.42,24807.59,-251.83,static,Option 5: Roth-Style Swap,-1.0
option5,2072,26234.06,25952.57,-281.49,static,Option 5: Roth-Style Swap,-1.07
option5,2073,27401.86,27099.32,-302.54,static,Option 5: Roth-Style Swap,-1.1
option5,2074,28705.08,28368.31,-336.77,static,Option 5: Roth-Style Swap,-1.17
option5,2075,29992.34,29631.51,-360.82,static,Option 5: Roth-Style Swap,-1.2
option5,2076,31457.65,31058.7,-398.95,static,Option 5: Roth-Style Swap,-1.27
option5,2077,32859.48,32434.99,-424.49,static,Option 5: Roth-Style Swap,-1.29
option5,2078,34318.66,33866.8,-451.87,static,Option 5: Roth-Style Swap,-1.32
option5,2079,35979.19,35483.53,-495.67,static,Option 5: Roth-Style Swap,-1.38
option5,2080,37538.39,37010.99,-527.4,static,Option 5: Roth-Style Swap,-1.4
option5,2081,39205.5,38646.16,-559.34,static,Option 5: Roth-Style Swap,-1.43
option5,2082,40984.77,40391.54,-593.22,static,Option 5: Roth-Style Swap,-1.45
option5,2083,42866.99,42237.1,-629.89,static,Option 5: Roth-Style Swap,-1.47
option5,2084,44798.29,44129.34,-668.95,static,Option 5: Roth-Style Swap,-1.49
option5,2085,46888.05,46175.87,-712.18,static,Option 5: Roth-Style Swap,-1.52
option5,2086,48928.27,48189.19,-739.08,static,Option 5: Roth-Style Swap,-1.51
option5,2087,51158.01,50374.82,-783.2,static,Option 5: Roth-Style Swap,-1.53
option5,2088,53549.63,52717.93,-831.7,static,Option 5: Roth-Style Swap,-1.55
option5,2089,55971.3,55108.75,-862.55,static,Option 5: Roth-Style Swap,-1.54
option5,2090,58704.22,57787.72,-916.51,static,Option 5: Roth-Style Swap,-1.56
option5,2091,61628.99,60652.07,-976.92,static,Option 5: Roth-Style Swap,-1.59
option5,2092,64545.56,63527.27,-1018.29,static,Option 5: Roth-Style Swap,-1.58
option5,2093,67574.07,66502.36,-1071.71,static,Option 5: Roth-Style Swap,-1.59
option5,2094,70632.72,69506.38,-1126.34,static,Option 5: Roth-Style Swap,-1.59
option5,2095,73811.65,72623.99,-1187.66,static,Option 5: Roth-Style Swap,-1.61
option5,2096,77112.31,75854.96,-1257.35,static,Option 5: Roth-Style Swap,-1.63
option5,2097,80479.03,79177.53,-1301.5,static,Option 5: Roth-Style Swap,-1.62
option5,2098,84219.44,82849.96,-1369.48,static,Option 5: Roth-Style Swap,-1.63
option5,2099,88154.52,86688.29,-1466.24,static,Option 5: Roth-Style Swap,-1.66
option5,2100,92210.69,90664.33,-1546.36,static,Option 5: Roth-Style Swap,-1.68
option6,2026,2577.12,2599.65,22.53,static,Option 6: Phased Roth-Style,0.87
option6,2027,2748.99,2796.96,47.97,static,Option 6: Phased Roth-Style,1.75
option6,2028,2959.05,3035.4,76.35,static,Option 6: Phased Roth-Style,2.58
option6,2029,3205.07,3307.65,102.58,static,Option 6: Phased Roth-Style,3.2
option6,2030,3432.78,3560.53,127.75,static,Option 6: Phased Roth-Style,3.72
option6,2031,3640.49,3795.09,154.61,static,Option 6: Phased Roth-Style,4.25
option6,2032,3875.09,4058.47,183.38,static,Option 6: Phased Roth-Style,4.73
option6,2033,4113.22,4315.27,202.05,static,Option 6: Phased Roth-Style,4.91
option6,2034,4359.97,4558.41,198.44,static,Option 6: Phased Roth-Style,4.55
option6,2035,4594.77,4787.82,193.05,static,Option 6: Phased Roth-Style,4.2
option6,2036,4849.61,5033.53,183.93,static,Option 6: Phased Roth-Style,3.79
option6,2037,5094.79,5267.72,172.94,static,Option 6: Phased Roth-Style,3.39
option6,2038,5363.14,5522.86,159.72,static,Option 6: Phased Roth-Style,2.98
option6,2039,5640.56,5788.0,147.44,static,Option 6: Phased Roth-Style,2.61
option6,2040,5933.52,6066.69,133.17,static,Option 6: Phased Roth-Style,2.24
option6,2041,6242.52,6359.06,116.54,static,Option 6: Phased Roth-Style,1.87
option6,2042,6580.47,6678.71,98.24,static,Option 6: Phased Roth-Style,1.49
option6,2043,6899.38,6978.49,79.11,static,Option 6: Phased Roth-Style,1.15
option6,2044,7238.5,7295.76,57.26,static,Option 6: Phased Roth-Style,0.79
option6,2045,7600.21,7634.64,34.42,static,Option 6: Phased Roth-Style,0.45
option6,2046,7973.89,8005.7,31.81,static,Option 6: Phased Roth-Style,0.4
option6,2047,8334.26,8364.84,30.58,static,Option 6: Phased Roth-Style,0.37
option6,2048,8718.71,8745.88,27.17,static,Option 6: Phased Roth-Style,0.31
option6,2049,9120.62,9140.57,19.94,static,Option 6: Phased Roth-Style,0.22
option6,2050,9530.97,9545.81,14.84,static,Option 6: Phased Roth-Style,0.16
option6,2051,9983.26,9987.22,3.96,static,Option 6: Phased Roth-Style,0.04
option6,2052,10469.06,10460.22,-8.84,static,Option 6: Phased Roth-Style,-0.08
option6,2053,10982.44,10958.15,-24.3,static,Option 6: Phased Roth-Style,-0.22
option6,2054,11373.45,11385.35,11.91,static,Option 6: Phased Roth-Style,0.1
option6,2055,11908.14,11911.13,2.99,static,Option 6: Phased Roth-Style,0.03
option6,2056,12458.22,12457.98,-0.25,static,Option 6: Phased Roth-Style,-0.0
option6,2057,13070.63,13059.68,-10.95,static,Option 6: Phased Roth-Style,-0.08
option6,2058,13699.73,13677.29,-22.44,static,Option 6: Phased Roth-Style,-0.16
option6,2059,14353.91,14317.68,-36.23,static,Option 6: Phased Roth-Style,-0.25
option6,2060,14992.6,14949.91,-42.68,static,Option 6: Phased Roth-Style,-0.28
option6,2061,15722.0,15664.15,-57.84,static,Option 6: Phased Roth-Style,-0.37
option6,2062,16488.32,16413.9,-74.42,static,Option 6: Phased Roth-Style,-0.45
option6,2063,17226.24,17139.96,-86.28,static,Option 6: Phased Roth-Style,-0.5
option6,2064,18071.35,17965.37,-105.98,static,Option 6: Phased Roth-Style,-0.59
option6,2065,18912.34,18792.66,-119.67,static,Option 6: Phased Roth-Style,-0.63
option6,2066,19850.73,19707.31,-143.42,static,Option 6: Phased Roth-Style,-0.72
option6,2067,20848.53,20681.1,-167.43,static,Option 6: Phased Roth-Style,-0.8
option6,2068,21812.18,21628.94,-183.24,static,Option 6: Phased Roth-Style,-0.84
option6,2069,22869.44,22660.78,-208.67,static,Option 6: Phased Roth-Style,-0.91
option6,2070,23907.0,23682.6,-224.4,static,Option 6: Phased Roth-Style,-0.94
option6,2071,25059.42,24807.59,-251.83,static,Option 6: Phased Roth-Style,-1.0
option6,2072,26234.06,25952.57,-281.49,static,Option 6: Phased Roth-Style,-1.07
option6,2073,27401.86,27099.32,-302.54,static,Option 6: Phased Roth-Style,-1.1
option6,2074,28705.08,28368.31,-336.77,static,Option 6: Phased Roth-Style,-1.17
option6,2075,29992.34,29631.51,-360.82,static,Option 6: Phased Roth-Style,-1.2
option6,2076,31457.65,31058.7,-398.95,static,Option 6: Phased Roth-Style,-1.27
option6,2077,32859.48,32434.99,-424.49,static,Option 6: Phased Roth-Style,-1.29
option6,2078,34318.66,33866.8,-451.87,static,Option 6: Phased Roth-Style,-1.32
option6,2079,35979.19,35483.53,-495.67,static,Option 6: Phased Roth-Style,-1.38
option6,2080,37538.39,37010.99,-527.4,static,Option 6: Phased Roth-Style,-1.4
option6,2081,39205.5,38646.16,-559.34,static,Option 6: Phased Roth-Style,-1.43
option6,2082,40984.77,40391.54,-593.22,static,Option 6: Phased Roth-Style,-1.45
option6,2083,42866.99,42237.1,-629.89,static,Option 6: Phased Roth-Style,-1.47
option6,2084,44798.29,44129.34,-668.95,static,Option 6: Phased Roth-Style,-1.49
option6,2085,46888.05,46175.87,-712.18,static,Option 6: Phased Roth-Style,-1.52
option6,2086,48928.27,48189.19,-739.08,static,Option 6: Phased Roth-Style,-1.51
option6,2087,51158.01,50374.82,-783.2,static,Option 6: Phased Roth-Style,-1.53
option6,2088,53549.63,52717.93,-831.7,static,Option 6: Phased Roth-Style,-1.55
option6,2089,55971.3,55108.75,-862.55,static,Option 6: Phased Roth-Style,-1.54
option6,2090,58704.22,57787.72,-916.51,static,Option 6: Phased Roth-Style,-1.56
option6,2091,61628.99,60652.07,-976.92,static,Option 6: Phased Roth-Style,-1.59
option6,2092,64545.56,63527.27,-1018.29,static,Option 6: Phased Roth-Style,-1.58
option6,2093,67574.07,66502.36,-1071.71,static,Option 6: Phased Roth-Style,-1.59
option6,2094,70632.72,69506.38,-1126.34,static,Option 6: Phased Roth-Style,-1.59
option6,2095,73811.65,72623.99,-1187.66,static,Option 6: Phased Roth-Style,-1.61
option6,2096,77112.31,75854.96,-1257.35,static,Option 6: Phased Roth-Style,-1.63
option6,2097,80479.03,79177.53,-1301.5,static,Option 6: Phased Roth-Style,-1.62
option6,2098,84219.44,82849.96,-1369.48,static,Option 6: Phased Roth-Style,-1.63
option6,2099,88154.52,86688.29,-1466.24,static,Option 6: Phased Roth-Style,-1.66
option6,2100,92210.69,90664.33,-1546.36,static,Option 6: Phased Roth-Style,-1.68
option7,2026,2577.12,2600.95,23.83,static,Option 7: Eliminate Senior Deduction,0.92
option7,2027,2748.99,2773.45,24.46,static,Option 7: Eliminate Senior Deduction,0.89
option7,2028,2959.05,2983.93,24.88,static,Option 7: Eliminate Senior Deduction,0.84
option7,2029,3205.07,3205.07,0.0,static,Option 7: Eliminate Senior Deduction,0.0
option7,2030,3432.78,3432.78,0.0,static,Option 7: Eliminate Senior Deduction,0.0
option7,2031,3640.49,3640.49,0.0,static,Option 7: Eliminate Senior Deduction,0.0
option7,2032,3875.09,3875.09,0.0,static,Option 7: Eliminate Senior Deduction,0.0
option7,2033,4113.22,4113.22,0.0,static,Option 7: Eliminate Senior Deduction,0.0
option7,2034,4359.97,4359.97,0.0,static,Option 7: Eliminate Senior Deduction,0.0
option7,2035,4594.77,4594.77,0.0,static,Option 7: Eliminate Senior Deduction,0.0
option7,2036,4849.61,4849.61,0.0,static,Option 7: Eliminate Senior Deduction,0.0
option7,2037,5094.79,5094.79,0.0,static,Option 7: Eliminate Senior Deduction,0.0
option7,2038,5363.14,5363.14,0.0,static,Option 7: Eliminate Senior Deduction,0.0
option7,2039,5640.56,5640.56,0.0,static,Option 7: Eliminate Senior Deduction,0.0
option7,2040,5933.52,5933.52,0.0,static,Option 7: Eliminate Senior Deduction,0.0
option7,2041,6242.52,6242.52,0.0,static,Option 7: Eliminate Senior Deduction,0.0
option7,2042,6580.47,6580.47,0.0,static,Option 7: Eliminate Senior Deduction,0.0
option7,2043,6899.38,6899.38,0.0,static,Option 7: Eliminate Senior Deduction,0.0
option7,2044,7238.5,7238.5,0.0,static,Option 7: Eliminate Senior Deduction,0.0
option7,2045,7600.21,7600.21,0.0,static,Option 7: Eliminate Senior Deduction,0.0
option7,2046,7973.89,7973.89,0.0,static,Option 7: Eliminate Senior Deduction,0.0
option7,2047,8334.26,8334.26,0.0,static,Option 7: Eliminate Senior Deduction,0.0
option7,2048,8718.71,8718.71,0.0,static,Option 7: Eliminate Senior Deduction,0.0
option7,2049,9120.62,9120.62,0.0,static,Option 7: Eliminate Senior Deduction,0.0
option7,2050,9530.97,9530.97,0.0,static,Option 7: Eliminate Senior Deduction,0.0
option7,2051,9983.26,9983.26,0.0,static,Option 7: Eliminate Senior Deduction,0.0
option7,2052,10469.06,10469.06,0.0,static,Option 7: Eliminate Senior Deduction,0.0
option7,2053,10982.44,10982.44,0.0,static,Option 7: Eliminate Senior Deduction,0.0
option7,2054,11373.45,11373.45,0.0,static,Option 7: Eliminate Senior Deduction,0.0
option7,2055,11908.14,11908.14,0.0,static,Option 7: Eliminate Senior Deduction,0.0
option7,2056,12458.22,12458.22,0.0,static,Option 7: Eliminate Senior Deduction,0.0
option7,2057,13070.63,13070.63,0.0,static,Option 7: Eliminate Senior Deduction,0.0
option7,2058,13699.73,13699.73,0.0,static,Option 7: Eliminate Senior Deduction,0.0
option7,2059,14353.91,14353.91,0.0,static,Option 7: Eliminate Senior Deduction,0.0
option7,2060,14992.6,14992.6,0.0,static,Option 7: Eliminate Senior Deduction,0.0
option7,2061,15722.0,15722.0,0.0,static,Option 7: Eliminate Senior Deduction,0.0
option7,2062,16488.32,16488.32,0.0,static,Option 7: Eliminate Senior Deduction,0.0
option7,2063,17226.24,17226.24,0.0,static,Option 7: Eliminate Senior Deduction,0.0
option7,2064,18071.35,18071.35,0.0,static,Option 7: Eliminate Senior Deduction,0.0
option7,2065,18912.34,18912.34,0.0,static,Option 7: Eliminate Senior Deduction,0.0
option7,2066,19850.73,19850.73,0.0,static,Option 7: Eliminate Senior Deduction,0.0
option7,2067,20848.53,20848.53,0.0,static,Option 7: Eliminate Senior Deduction,0.0
option7,2068,21812.18,21812.18,0.0,static,Option 7: Eliminate Senior Deduction,0.0
option7,2069,22869.44,22869.44,0.0,static,Option 7: Eliminate Senior Deduction,0.0
option7,2070,23907.0,23907.0,0.0,static,Option 7: Eliminate Senior Deduction,0.0
option7,2071,25059.42,25059.42,0.0,static,Option 7: Eliminate Senior Deduction,0.0
option7,2072,26234.06,26234.06,0.0,static,Option 7: Eliminate Senior Deduction,0.0
option7,2073,27401.86,27401.86,0.0,static,Option 7: Eliminate Senior Deduction,0.0
option7,2074,28705.08,28705.08,0.0,static,Option 7: Eliminate Senior Deduction,0.0
option7,2075,29992.34,29992.34,0.0,static,Option 7: Eliminate Senior Deduction,0.0
option7,2076,31457.65,31457.65,0.0,static,Option 7: Eliminate Senior Deduction,0.0
option7,2077,32859.48,32859.48,0.0,static,Option 7: Eliminate Senior Deduction,0.0
option7,2078,34318.66,34318.66,0.0,static,Option 7: Eliminate Senior Deduction,0.0
option7,2079,35979.19,35979.19,0.0,static,Option 7: Eliminate Senior Deduction,0.0
option7,2080,37538.39,37538.39,0.0,static,Option 7: Eliminate Senior Deduction,0.0
option7,2081,39205.5,39205.5,0.0,static,Option 7: Eliminate Senior Deduction,0.0
option7,2082,40984.77,40984.77,0.0,static,Option 7: Eliminate Senior Deduction,0.0
option7,2083,42866.99,42866.99,0.0,static,Option 7: Eliminate Senior Deduction,0.0
option7,2084,44798.29,44798.29,0.0,static,Option 7: Eliminate Senior Deduction,0.0
option7,2085,46888.05,46888.05,0.0,static,Option 7: Eliminate Senior Deduction,0.0
option7,2086,48928.27,48928.27,0.0,static,Option 7: Eliminate Senior Deduction,0.0
option7,2087,51158.01,51158.01,0.0,static,Option 7: Eliminate Senior Deduction,0.0
option7,2088,53549.63,53549.63,0.0,static,Option 7: Eliminate Senior Deduction,0.0
option7,2089,55971.3,55971.3,0.0,static,Option 7: Eliminate Senior Deduction,0.0
option7,2090,58704.22,58704.22,0.0,static,Option 7: Eliminate Senior Deduction,0.0
option7,2091,61628.99,61628.99,0.0,static,Option 7: Eliminate Senior Deduction,0.0
option7,2092,64545.56,64545.56,0.0,static,Option 7: Eliminate Senior Deduction,0.0
option7,2093,67574.07,67574.07,0.0,static,Option 7: Eliminate Senior Deduction,0.0
option7,2094,70632.72,70632.72,0.0,static,Option 7: Eliminate Senior Deduction,0.0
option7,2095,73811.65,73811.65,0.0,static,Option 7: Eliminate Senior Deduction,0.0
option7,2096,77112.31,77112.31,0.0,static,Option 7: Eliminate Senior Deduction,0.0
option7,2097,80479.03,80479.03,0.0,static,Option 7: Eliminate Senior Deduction,0.0
option7,2098,84219.44,84219.44,0.0,static,Option 7: Eliminate Senior Deduction,0.0
option7,2099,88154.52,88154.52,0.0,static,Option 7: Eliminate Senior Deduction,0.0
option7,2100,92210.69,92210.69,0.0,static,Option 7: Eliminate Senior Deduction,0.0
option8,2026,2577.12,2637.05,59.93,static,Option 8: 100% Taxation,2.33
option8,2027,2748.99,2812.77,63.78,static,Option 8: 100% Taxation,2.32
option8,2028,2959.05,3026.75,67.7,static,Option 8: 100% Taxation,2.29
option8,2029,3205.07,3289.37,84.3,static,Option 8: 100% Taxation,2.63
option8,2030,3432.78,3522.21,89.43,static,Option 8: 100% Taxation,2.61
option8,2031,3640.49,3734.51,94.02,static,Option 8: 100% Taxation,2.58
option8,2032,3875.09,3973.89,98.79,static,Option 8: 100% Taxation,2.55
option8,2033,4113.22,4216.55,103.33,static,Option 8: 100% Taxation,2.51
option8,2034,4359.97,4467.3,107.33,static,Option 8: 100% Taxation,2.46
option8,2035,4594.77,4705.71,110.94,static,Option 8: 100% Taxation,2.41
option8,2036,4849.61,4965.15,115.55,static,Option 8: 100% Taxation,2.38
option8,2037,5094.79,5214.93,120.15,static,Option 8: 100% Taxation,2.36
option8,2038,5363.14,5487.97,124.84,static,Option 8: 100% Taxation,2.33
option8,2039,5640.56,5771.2,130.64,static,Option 8: 100% Taxation,2.32
option8,2040,5933.52,6070.15,136.64,static,Option 8: 100% Taxation,2.3
option8,2041,6242.52,6384.3,141.78,static,Option 8: 100% Taxation,2.27
option8,2042,6580.47,6726.74,146.27,static,Option 8: 100% Taxation,2.22
option8,2043,6899.38,7051.47,152.1,static,Option 8: 100% Taxation,2.2
option8,2044,7238.5,7396.15,157.65,static,Option 8: 100% Taxation,2.18
option8,2045,7600.21,7764.4,164.19,static,Option 8: 100% Taxation,2.16
option8,2046,7973.89,8144.96,171.07,static,Option 8: 100% Taxation,2.15
option8,2047,8334.26,8512.58,178.32,static,Option 8: 100% Taxation,2.14
option8,2048,8718.71,8902.92,184.21,static,Option 8: 100% Taxation,2.11
option8,2049,9120.62,9309.58,188.96,static,Option 8: 100% Taxation,2.07
option8,2050,9530.97,9724.68,193.71,static,Option 8: 100% Taxation,2.03
option8,2051,9983.26,10182.15,198.9,static,Option 8: 100% Taxation,1.99
option8,2052,10469.06,10673.8,204.74,static,Option 8: 100% Taxation,1.96
option8,2053,10982.44,11195.55,213.11,static,Option 8: 100% Taxation,1.94
option8,2054,11373.45,11605.32,231.87,static,Option 8: 100% Taxation,2.04
option8,2055,11908.14,12150.04,241.9,static,Option 8: 100% Taxation,2.03
option8,2056,12458.22,12710.94,252.72,static,Option 8: 100% Taxation,2.03
option8,2057,13070.63,13334.7,264.08,static,Option 8: 100% Taxation,2.02
option8,2058,13699.73,13975.66,275.92,static,Option 8: 100% Taxation,2.01
option8,2059,14353.91,14641.89,287.98,static,Option 8: 100% Taxation,2.01
option8,2060,14992.6,15292.96,300.37,static,Option 8: 100% Taxation,2.0
option8,2061,15722.0,16035.1,313.11,static,Option 8: 100% Taxation,1.99
option8,2062,16488.32,16814.28,325.96,static,Option 8: 100% Taxation,1.98
option8,2063,17226.24,17566.22,339.97,static,Option 8: 100% Taxation,1.97
option8,2064,18071.35,18425.42,354.06,static,Option 8: 100% Taxation,1.96
option8,2065,18912.34,19281.49,369.15,static,Option 8: 100% Taxation,1.95
option8,2066,19850.73,20235.9,385.17,static,Option 8: 100% Taxation,1.94
option8,2067,20848.53,21250.29,401.77,static,Option 8: 100% Taxation,1.93
option8,2068,21812.18,22231.44,419.26,static,Option 8: 100% Taxation,1.92
option8,2069,22869.44,23307.02,437.58,static,Option 8: 100% Taxation,1.91
option8,2070,23907.0,24363.95,456.95,static,Option 8: 100% Taxation,1.91
option8,2071,25059.42,25535.93,476.51,static,Option 8: 100% Taxation,1.9
option8,2072,26234.06,26730.59,496.53,static,Option 8: 100% Taxation,1.89
option8,2073,27401.86,27918.9,517.04,static,Option 8: 100% Taxation,1.89
option8,2074,28705.08,29245.02,539.94,static,Option 8: 100% Taxation,1.88
option8,2075,29992.34,30556.6,564.27,static,Option 8: 100% Taxation,1.88
option8,2076,31457.65,32047.73,590.08,static,Option 8: 100% Taxation,1.88
option8,2077,32859.48,33477.15,617.67,static,Option 8: 100% Taxation,1.88
option8,2078,34318.66,34964.49,645.83,static,Option 8: 100% Taxation,1.88
option8,2079,35979.19,36653.75,674.56,static,Option 8: 100% Taxation,1.87
option8,2080,37538.39,38241.49,703.1,static,Option 8: 100% Taxation,1.87
option8,2081,39205.5,39937.96,732.47,static,Option 8: 100% Taxation,1.87
option8,2082,40984.77,41748.13,763.36,static,Option 8: 100% Taxation,1.86
option8,2083,42866.99,43662.25,795.26,static,Option 8: 100% Taxation,1.86
option8,2084,44798.29,45624.26,825.98,static,Option 8: 100% Taxation,1.84
option8,2085,46888.05,47746.48,858.42,static,Option 8: 100% Taxation,1.83
option8,2086,48928.27,49821.98,893.71,static,Option 8: 100% Taxation,1.83
option8,2087,51158.01,52087.5,929.48,static,Option 8: 100% Taxation,1.82
option8,2088,53549.63,54514.02,964.4,static,Option 8: 100% Taxation,1.8
option8,2089,55971.3,56972.97,1001.68,static,Option 8: 100% Taxation,1.79
option8,2090,58704.22,59741.16,1036.94,static,Option 8: 100% Taxation,1.77
option8,2091,61628.99,62703.43,1074.44,static,Option 8: 100% Taxation,1.74
option8,2092,64545.56,65664.78,1119.22,static,Option 8: 100% Taxation,1.73
option8,2093,67574.07,68740.0,1165.93,static,Option 8: 100% Taxation,1.73
option8,2094,70632.72,71845.44,1212.72,static,Option 8: 100% Taxation,1.72
option8,2095,73811.65,75073.6,1261.95,static,Option 8: 100% Taxation,1.71
option8,2096,77112.31,78427.02,1314.72,static,Option 8: 100% Taxation,1.7
option8,2097,80479.03,81846.78,1367.75,static,Option 8: 100% Taxation,1.7
option8,2098,84219.44,85642.65,1423.21,static,Option 8: 100% Taxation,1.69
option8,2099,88154.52,89636.78,1482.25,static,Option 8: 100% Taxation,1.68
option8,2100,92210.69,93755.78,1545.09,static,Option 8: 100% Taxation,1.68
option1,2026,2577.12,2476.01,-101.11,conventional,Option 1: Full Repeal,-3.92
option1,2027,2748.99,2639.97,-109.02,conventional,Option 1: Full Repeal,-3.97
option1,2028,2959.05,2839.8,-119.25,conventional,Option 1: Full Repeal,-4.03
option1,2029,3205.07,3073.29,-131.78,conventional,Option 1: Full Repeal,-4.11
option1,2030,3432.78,3289.9,-142.88,conventional,Option 1: Full Repeal,-4.16
option1,2031,3640.49,3487.38,-153.1,conventional,Option 1: Full Repeal,-4.21
option1,2032,3875.09,3710.58,-164.51,conventional,Option 1: Full Repeal,-4.25
option1,2033,4113.22,3937.08,-176.14,conventional,Option 1: Full Repeal,-4.28
option1,2034,4359.97,4170.53,-189.44,conventional,Option 1: Full Repeal,-4.34
option1,2035,4594.77,4392.55,-202.22,conventional,Option 1: Full Repeal,-4.4
option1,2036,4849.61,4634.22,-215.38,conventional,Option 1: Full Repeal,-4.44
option1,2037,5094.79,4865.53,-229.26,conventional,Option 1: Full Repeal,-4.5
option1,2038,5363.14,5120.05,-243.08,conventional,Option 1: Full Repeal,-4.53
option1,2039,5640.56,5381.67,-258.89,conventional,Option 1: Full Repeal,-4.59
option1,2040,5933.52,5660.17,-273.35,conventional,Option 1: Full Repeal,-4.61
option1,2041,6242.52,5953.65,-288.87,conventional,Option 1: Full Repeal,-4.63
option1,2042,6580.47,6271.79,-308.68,conventional,Option 1: Full Repeal,-4.69
option1,2043,6899.38,6574.24,-325.14,conventional,Option 1: Full Repeal,-4.71
option1,2044,7238.5,6894.23,-344.27,conventional,Option 1: Full Repeal,-4.76
option1,2045,7600.21,7237.28,-362.94,conventional,Option 1: Full Repeal,-4.78
option1,2046,7973.89,7594.82,-379.07,conventional,Option 1: Full Repeal,-4.75
option1,2047,8334.26,7939.99,-394.27,conventional,Option 1: Full Repeal,-4.73
option1,2048,8718.71,8305.87,-412.84,conventional,Option 1: Full Repeal,-4.74
option1,2049,9120.62,8681.37,-439.25,conventional,Option 1: Full Repeal,-4.82
option1,2050,9530.97,9071.61,-459.36,conventional,Option 1: Full Repeal,-4.82
option1,2051,9983.26,9497.0,-486.25,conventional,Option 1: Full Repeal,-4.87
option1,2052,10469.06,9953.43,-515.63,conventional,Option 1: Full Repeal,-4.93
option1,2053,10982.44,10435.78,-546.66,conventional,Option 1: Full Repeal,-4.98
option1,2054,11373.45,10846.31,-527.13,conventional,Option 1: Full Repeal,-4.63
option1,2055,11908.14,11354.8,-553.34,conventional,Option 1: Full Repeal,-4.65
option1,2056,12458.22,11885.16,-573.07,conventional,Option 1: Full Repeal,-4.6
option1,2057,13070.63,12471.76,-598.87,conventional,Option 1: Full Repeal,-4.58
option1,2058,13699.73,13071.74,-627.99,conventional,Option 1: Full Repeal,-4.58
option1,2059,14353.91,13697.06,-656.85,conventional,Option 1: Full Repeal,-4.58
option1,2060,14992.6,14311.61,-680.98,conventional,Option 1: Full Repeal,-4.54
option1,2061,15722.0,15008.68,-713.32,conventional,Option 1: Full Repeal,-4.54
option1,2062,16488.32,15739.71,-748.61,conventional,Option 1: Full Repeal,-4.54
option1,2063,17226.24,16447.91,-778.33,conventional,Option 1: Full Repeal,-4.52
option1,2064,18071.35,17254.77,-816.58,conventional,Option 1: Full Repeal,-4.52
option1,2065,18912.34,18062.77,-849.57,conventional,Option 1: Full Repeal,-4.49
option1,2066,19850.73,18956.66,-894.07,conventional,Option 1: Full Repeal,-4.5
option1,2067,20848.53,19909.16,-939.37,conventional,Option 1: Full Repeal,-4.51
option1,2068,21812.18,20835.29,-976.89,conventional,Option 1: Full Repeal,-4.48
option1,2069,22869.44,21845.83,-1023.61,conventional,Option 1: Full Repeal,-4.48
option1,2070,23907.0,22844.53,-1062.47,conventional,Option 1: Full Repeal,-4.44
option1,2071,25059.42,23946.47,-1112.95,conventional,Option 1: Full Repeal,-4.44
option1,2072,26234.06,25069.32,-1164.74,conventional,Option 1: Full Repeal,-4.44
option1,2073,27401.86,26197.6,-1204.26,conventional,Option 1: Full Repeal,-4.39
option1,2074,28705.08,27443.35,-1261.73,conventional,Option 1: Full Repeal,-4.4
option1,2075,29992.34,28682.27,-1310.07,conventional,Option 1: Full Repeal,-4.37
option1,2076,31457.65,30090.17,-1367.48,conventional,Option 1: Full Repeal,-4.35
option1,2077,32859.48,31443.34,-1416.14,conventional,Option 1: Full Repeal,-4.31
option1,2078,34318.66,32852.53,-1466.14,conventional,Option 1: Full Repeal,-4.27
option1,2079,35979.19,34439.34,-1539.86,conventional,Option 1: Full Repeal,-4.28
option1,2080,37538.39,35944.12,-1594.27,conventional,Option 1: Full Repeal,-4.25
option1,2081,39205.5,37550.79,-1654.71,conventional,Option 1: Full Repeal,-4.22
option1,2082,40984.77,39267.59,-1717.17,conventional,Option 1: Full Repeal,-4.19
option1,2083,42866.99,41080.43,-1786.56,conventional,Option 1: Full Repeal,-4.17
option1,2084,44798.29,42937.65,-1860.64,conventional,Option 1: Full Repeal,-4.15
option1,2085,46888.05,44951.44,-1936.61,conventional,Option 1: Full Repeal,-4.13
option1,2086,48928.27,46948.48,-1979.79,conventional,Option 1: Full Repeal,-4.05
option1,2087,51158.01,49102.52,-2055.49,conventional,Option 1: Full Repeal,-4.02
option1,2088,53549.63,51404.76,-2144.87,conventional,Option 1: Full Repeal,-4.01
option1,2089,55971.3,53759.77,-2211.53,conventional,Option 1: Full Repeal,-3.95
option1,2090,58704.22,56394.46,-2309.77,conventional,Option 1: Full Repeal,-3.93
option1,2091,61628.99,59202.23,-2426.76,conventional,Option 1: Full Repeal,-3.94
option1,2092,64545.56,62023.17,-2522.39,conventional,Option 1: Full Repeal,-3.91
option1,2093,67574.07,64979.25,-2594.82,conventional,Option 1: Full Repeal,-3.84
option1,2094,70632.72,67947.18,-2685.54,conventional,Option 1: Full Repeal,-3.8
option1,2095,73811.65,71021.5,-2790.15,conventional,Option 1: Full Repeal,-3.78
option1,2096,77112.31,74202.66,-2909.65,conventional,Option 1: Full Repeal,-3.77
option1,2097,80479.03,77470.65,-3008.38,conventional,Option 1: Full Repeal,-3.74
option1,2098,84219.44,81089.44,-3130.0,conventional,Option 1: Full Repeal,-3.72
option1,2099,88154.52,84878.2,-3276.32,conventional,Option 1: Full Repeal,-3.72
option1,2100,92210.69,88823.42,-3387.27,conventional,Option 1: Full Repeal,-3.67
option2,2026,2577.12,2605.99,28.87,conventional,Option 2: 85% Taxation,1.12
option2,2027,2748.99,2779.05,30.06,conventional,Option 2: 85% Taxation,1.09
option2,2028,2959.05,2990.62,31.57,conventional,Option 2: 85% Taxation,1.07
option2,2029,3205.07,3248.19,43.11,conventional,Option 2: 85% Taxation,1.35
option2,2030,3432.78,3477.92,45.14,conventional,Option 2: 85% Taxation,1.31
option2,2031,3640.49,3686.75,46.27,conventional,Option 2: 85% Taxation,1.27
option2,2032,3875.09,3923.63,48.54,conventional,Option 2: 85% Taxation,1.25
option2,2033,4113.22,4163.94,50.72,conventional,Option 2: 85% Taxation,1.23
option2,2034,4359.97,4411.48,51.51,conventional,Option 2: 85% Taxation,1.18
option2,2035,4594.77,4647.55,52.78,conventional,Option 2: 85% Taxation,1.15
option2,2036,4849.61,4903.83,54.22,conventional,Option 2: 85% Taxation,1.12
option2,2037,5094.79,5150.61,55.82,conventional,Option 2: 85% Taxation,1.1
option2,2038,5363.14,5420.95,57.81,conventional,Option 2: 85% Taxation,1.08
option2,2039,5640.56,5699.78,59.22,conventional,Option 2: 85% Taxation,1.05
option2,2040,5933.52,5995.05,61.53,conventional,Option 2: 85% Taxation,1.04
option2,2041,6242.52,6305.83,63.31,conventional,Option 2: 85% Taxation,1.01
option2,2042,6580.47,6644.27,63.8,conventional,Option 2: 85% Taxation,0.97
option2,2043,6899.38,6964.88,65.5,conventional,Option 2: 85% Taxation,0.95
option2,2044,7238.5,7304.83,66.34,conventional,Option 2: 85% Taxation,0.92
option2,2045,7600.21,7669.08,68.87,conventional,Option 2: 85% Taxation,0.91
option2,2046,7973.89,8046.37,72.48,conventional,Option 2: 85% Taxation,0.91
option2,2047,8334.26,8410.84,76.58,conventional,Option 2: 85% Taxation,0.92
option2,2048,8718.71,8797.08,78.37,conventional,Option 2: 85% Taxation,0.9
option2,2049,9120.62,9197.98,77.36,conventional,Option 2: 85% Taxation,0.85
option2,2050,9530.97,9608.96,77.99,conventional,Option 2: 85% Taxation,0.82
option2,2051,9983.26,10061.1,77.85,conventional,Option 2: 85% Taxation,0.78
option2,2052,10469.06,10545.33,76.27,conventional,Option 2: 85% Taxation,0.73
option2,2053,10982.44,11058.95,76.51,conventional,Option 2: 85% Taxation,0.7
option2,2054,11373.45,11465.21,91.76,conventional,Option 2: 85% Taxation,0.81
option2,2055,11908.14,12003.89,95.76,conventional,Option 2: 85% Taxation,0.8
option2,2056,12458.22,12559.16,100.94,conventional,Option 2: 85% Taxation,0.81
option2,2057,13070.63,13175.55,104.92,conventional,Option 2: 85% Taxation,0.8
option2,2058,13699.73,13808.78,109.04,conventional,Option 2: 85% Taxation,0.8
option2,2059,14353.91,14467.61,113.71,conventional,Option 2: 85% Taxation,0.79
option2,2060,14992.6,15111.92,119.33,conventional,Option 2: 85% Taxation,0.8
option2,2061,15722.0,15845.98,123.98,conventional,Option 2: 85% Taxation,0.79
option2,2062,16488.32,16615.86,127.54,conventional,Option 2: 85% Taxation,0.77
option2,2063,17226.24,17359.48,133.23,conventional,Option 2: 85% Taxation,0.77
option2,2064,18071.35,18209.36,138.0,conventional,Option 2: 85% Taxation,0.76
option2,2065,18912.34,19056.8,144.47,conventional,Option 2: 85% Taxation,0.76
option2,2066,19850.73,20000.66,149.93,conventional,Option 2: 85% Taxation,0.76
option2,2067,20848.53,21003.85,155.32,conventional,Option 2: 85% Taxation,0.74
option2,2068,21812.18,21974.69,162.51,conventional,Option 2: 85% Taxation,0.75
option2,2069,22869.44,23038.4,168.96,conventional,Option 2: 85% Taxation,0.74
option2,2070,23907.0,24083.64,176.64,conventional,Option 2: 85% Taxation,0.74
option2,2071,25059.42,25242.88,183.46,conventional,Option 2: 85% Taxation,0.73
option2,2072,26234.06,26424.59,190.53,conventional,Option 2: 85% Taxation,0.73
option2,2073,27401.86,27601.75,199.9,conventional,Option 2: 85% Taxation,0.73
option2,2074,28705.08,28913.49,208.41,conventional,Option 2: 85% Taxation,0.73
option2,2075,29992.34,30211.07,218.73,conventional,Option 2: 85% Taxation,0.73
option2,2076,31457.65,31685.06,227.41,conventional,Option 2: 85% Taxation,0.72
option2,2077,32859.48,33098.23,238.75,conventional,Option 2: 85% Taxation,0.73
option2,2078,34318.66,34569.09,250.43,conventional,Option 2: 85% Taxation,0.73
option2,2079,35979.19,36239.87,260.67,conventional,Option 2: 85% Taxation,0.72
option2,2080,37538.39,37811.22,272.83,conventional,Option 2: 85% Taxation,0.73
option2,2081,39205.5,39490.56,285.07,conventional,Option 2: 85% Taxation,0.73
option2,2082,40984.77,41282.29,297.52,conventional,Option 2: 85% Taxation,0.73
option2,2083,42866.99,43177.34,310.35,conventional,Option 2: 85% Taxation,0.72
option2,2084,44798.29,45122.16,323.88,conventional,Option 2: 85% Taxation,0.72
option2,2085,46888.05,47224.7,336.65,conventional,Option 2: 85% Taxation,0.72
option2,2086,48928.27,49281.04,352.77,conventional,Option 2: 85% Taxation,0.72
option2,2087,51158.01,51525.8,367.79,conventional,Option 2: 85% Taxation,0.72
option2,2088,53549.63,53931.58,381.95,conventional,Option 2: 85% Taxation,0.71
option2,2089,55971.3,56371.17,399.88,conventional,Option 2: 85% Taxation,0.71
option2,2090,58704.22,59119.39,415.17,conventional,Option 2: 85% Taxation,0.71
option2,2091,61628.99,62058.76,429.77,conventional,Option 2: 85% Taxation,0.7
option2,2092,64545.56,64992.94,447.38,conventional,Option 2: 85% Taxation,0.69
option2,2093,67574.07,68039.73,465.66,conventional,Option 2: 85% Taxation,0.69
option2,2094,70632.72,71117.93,485.21,conventional,Option 2: 85% Taxation,0.69
option2,2095,73811.65,74318.07,506.42,conventional,Option 2: 85% Taxation,0.69
option2,2096,77112.31,77640.61,528.3,conventional,Option 2: 85% Taxation,0.69
option2,2097,80479.03,81033.86,554.83,conventional,Option 2: 85% Taxation,0.69
option2,2098,84219.44,84797.38,577.94,conventional,Option 2: 85% Taxation,0.69
option2,2099,88154.52,88754.41,599.89,conventional,Option 2: 85% Taxation,0.68
option2,2100,92210.69,92838.31,627.62,conventional,Option 2: 85% Taxation,0.68
option3,2026,2577.12,2605.99,28.87,conventional,Option 3: 85% + Senior Deduction,1.12
option3,2027,2748.99,2779.05,30.06,conventional,Option 3: 85% + Senior Deduction,1.09
option3,2028,2959.05,2990.62,31.57,conventional,Option 3: 85% + Senior Deduction,1.07
option3,2029,3205.07,3212.22,7.15,conventional,Option 3: 85% + Senior Deduction,0.22
option3,2030,3432.78,3441.17,8.39,conventional,Option 3: 85% + Senior Deduction,0.24
option3,2031,3640.49,3649.82,9.33,conventional,Option 3: 85% + Senior Deduction,0.26
option3,2032,3875.09,3885.85,10.76,conventional,Option 3: 85% + Senior Deduction,0.28
option3,2033,4113.22,4126.87,13.65,conventional,Option 3: 85% + Senior Deduction,0.33
option3,2034,4359.97,4374.46,14.49,conventional,Option 3: 85% + Senior Deduction,0.33
option3,2035,4594.77,4610.55,15.78,conventional,Option 3: 85% + Senior Deduction,0.34
option3,2036,4849.61,4866.84,17.23,conventional,Option 3: 85% + Senior Deduction,0.36
option3,2037,5094.79,5113.74,18.96,conventional,Option 3: 85% + Senior Deduction,0.37
option3,2038,5363.14,5384.46,21.32,conventional,Option 3: 85% + Senior Deduction,0.4
option3,2039,5640.56,5663.89,23.33,conventional,Option 3: 85% + Senior Deduction,0.41
option3,2040,5933.52,5960.87,27.36,conventional,Option 3: 85% + Senior Deduction,0.46
option3,2041,6242.52,6270.01,27.5,conventional,Option 3: 85% + Senior Deduction,0.44
option3,2042,6580.47,6608.82,28.35,conventional,Option 3: 85% + Senior Deduction,0.43
option3,2043,6899.38,6930.66,31.28,conventional,Option 3: 85% + Senior Deduction,0.45
option3,2044,7238.5,7270.99,32.49,conventional,Option 3: 85% + Senior Deduction,0.45
option3,2045,7600.21,7635.58,35.37,conventional,Option 3: 85% + Senior Deduction,0.47
option3,2046,7973.89,8012.47,38.58,conventional,Option 3: 85% + Senior Deduction,0.48
option3,2047,8334.26,8376.09,41.83,conventional,Option 3: 85% + Senior Deduction,0.5
option3,2048,8718.71,8761.99,43.28,conventional,Option 3: 85% + Senior Deduction,0.5
option3,2049,9120.62,9162.88,42.25,conventional,Option 3: 85% + Senior Deduction,0.46
option3,2050,9530.97,9573.58,42.61,conventional,Option 3: 85% + Senior Deduction,0.45
option3,2051,9983.26,10026.45,43.19,conventional,Option 3: 85% + Senior Deduction,0.43
option3,2052,10469.06,10510.77,41.71,conventional,Option 3: 85% + Senior Deduction,0.4
option3,2053,10982.44,11025.35,42.91,conventional,Option 3: 85% + Senior Deduction,0.39
option3,2054,11373.45,11435.82,62.37,conventional,Option 3: 85% + Senior Deduction,0.55
option3,2055,11908.14,11974.88,66.74,conventional,Option 3: 85% + Senior Deduction,0.56
option3,2056,12458.22,12530.46,72.24,conventional,Option 3: 85% + Senior Deduction,0.58
option3,2057,13070.63,13147.08,76.45,conventional,Option 3: 85% + Senior Deduction,0.58
option3,2058,13699.73,13780.67,80.94,conventional,Option 3: 85% + Senior Deduction,0.59
option3,2059,14353.91,14440.01,86.1,conventional,Option 3: 85% + Senior Deduction,0.6
option3,2060,14992.6,15084.39,91.79,conventional,Option 3: 85% + Senior Deduction,0.61
option3,2061,15722.0,15818.67,96.67,conventional,Option 3: 85% + Senior Deduction,0.61
option3,2062,16488.32,16589.08,100.76,conventional,Option 3: 85% + Senior Deduction,0.61
option3,2063,17226.24,17332.9,106.65,conventional,Option 3: 85% + Senior Deduction,0.62
option3,2064,18071.35,18182.89,111.53,conventional,Option 3: 85% + Senior Deduction,0.62
option3,2065,18912.34,19031.28,118.94,conventional,Option 3: 85% + Senior Deduction,0.63
option3,2066,19850.73,19975.59,124.86,conventional,Option 3: 85% + Senior Deduction,0.63
option3,2067,20848.53,20979.53,131.0,conventional,Option 3: 85% + Senior Deduction,0.63
option3,2068,21812.18,21950.85,138.67,conventional,Option 3: 85% + Senior Deduction,0.64
option3,2069,22869.44,23015.14,145.7,conventional,Option 3: 85% + Senior Deduction,0.64
option3,2070,23907.0,24060.73,153.73,conventional,Option 3: 85% + Senior Deduction,0.64
option3,2071,25059.42,25220.48,161.06,conventional,Option 3: 85% + Senior Deduction,0.64
option3,2072,26234.06,26402.58,168.52,conventional,Option 3: 85% + Senior Deduction,0.64
option3,2073,27401.86,27579.89,178.03,conventional,Option 3: 85% + Senior Deduction,0.65
option3,2074,28705.08,28892.08,187.0,conventional,Option 3: 85% + Senior Deduction,0.65
option3,2075,29992.34,30189.94,197.61,conventional,Option 3: 85% + Senior Deduction,0.66
option3,2076,31457.65,31664.48,206.83,conventional,Option 3: 85% + Senior Deduction,0.66
option3,2077,32859.48,33078.0,218.52,conventional,Option 3: 85% + Senior Deduction,0.67
option3,2078,34318.66,34549.23,230.57,conventional,Option 3: 85% + Senior Deduction,0.67
option3,2079,35979.19,36220.62,241.43,conventional,Option 3: 85% + Senior Deduction,0.67
option3,2080,37538.39,37792.44,254.05,conventional,Option 3: 85% + Senior Deduction,0.68
option3,2081,39205.5,39472.29,266.8,conventional,Option 3: 85% + Senior Deduction,0.68
option3,2082,40984.77,41264.51,279.74,conventional,Option 3: 85% + Senior Deduction,0.68
option3,2083,42866.99,43159.95,292.96,conventional,Option 3: 85% + Senior Deduction,0.68
option3,2084,44798.29,45105.37,307.08,conventional,Option 3: 85% + Senior Deduction,0.69
option3,2085,46888.05,47208.57,320.52,conventional,Option 3: 85% + Senior Deduction,0.68
option3,2086,48928.27,49265.38,337.11,conventional,Option 3: 85% + Senior Deduction,0.69
option3,2087,51158.01,51510.64,352.62,conventional,Option 3: 85% + Senior Deduction,0.69
option3,2088,53549.63,53916.81,367.18,conventional,Option 3: 85% + Senior Deduction,0.69
option3,2089,55971.3,56356.79,385.5,conventional,Option 3: 85% + Senior Deduction,0.69
option3,2090,58704.22,59105.52,401.3,conventional,Option 3: 85% + Senior Deduction,0.68
option3,2091,61628.99,62045.3,416.31,conventional,Option 3: 85% + Senior Deduction,0.68
option3,2092,64545.56,64980.04,434.48,conventional,Option 3: 85% + Senior Deduction,0.67
option3,2093,67574.07,68027.06,452.98,conventional,Option 3: 85% + Senior Deduction,0.67
option3,2094,70632.72,71105.63,472.91,conventional,Option 3: 85% + Senior Deduction,0.67
option3,2095,73811.65,74306.14,494.49,conventional,Option 3: 85% + Senior Deduction,0.67
option3,2096,77112.31,77629.21,516.91,conventional,Option 3: 85% + Senior Deduction,0.67
option3,2097,80479.03,81022.59,543.56,conventional,Option 3: 85% + Senior Deduction,0.68
option3,2098,84219.44,84786.71,567.26,conventional,Option 3: 85% + Senior Deduction,0.67
option3,2099,88154.52,88744.17,589.65,conventional,Option 3: 85% + Senior Deduction,0.67
option3,2100,92210.69,92838.31,627.62,conventional,Option 3: 85% + Senior Deduction,0.68
option4,2026,2577.12,2614.15,37.03,conventional,Option 4: 85% + $500 Tax Credit,1.44
option4,2027,2748.99,2787.0,38.01,conventional,Option 4: 85% + $500 Tax Credit,1.38
option4,2028,2959.05,2998.49,39.44,conventional,Option 4: 85% + $500 Tax Credit,1.33
option4,2029,3205.07,3219.84,14.77,conventional,Option 4: 85% + $500 Tax Credit,0.46
option4,2030,3432.78,3448.73,15.95,conventional,Option 4: 85% + $500 Tax Credit,0.46
option4,2031,3640.49,3656.74,16.25,conventional,Option 4: 85% + $500 Tax Credit,0.45
option4,2032,3875.09,3892.36,17.26,conventional,Option 4: 85% + $500 Tax Credit,0.45
option4,2033,4113.22,4131.85,18.63,conventional,Option 4: 85% + $500 Tax Credit,0.45
option4,2034,4359.97,4378.86,18.89,conventional,Option 4: 85% + $500 Tax Credit,0.43
option4,2035,4594.77,4613.89,19.12,conventional,Option 4: 85% + $500 Tax Credit,0.42
option4,2036,4849.61,4903.83,54.22,conventional,Option 4: 85% + $500 Tax Credit,1.12
option4,2037,5094.79,5150.61,55.82,conventional,Option 4: 85% + $500 Tax Credit,1.1
option4,2038,5363.14,5420.95,57.81,conventional,Option 4: 85% + $500 Tax Credit,1.08
option4,2039,5640.56,5699.78,59.22,conventional,Option 4: 85% + $500 Tax Credit,1.05
option4,2040,5933.52,5995.05,61.53,conventional,Option 4: 85% + $500 Tax Credit,1.04
option4,2041,6242.52,6305.83,63.31,conventional,Option 4: 85% + $500 Tax Credit,1.01
option4,2042,6580.47,6644.27,63.8,conventional,Option 4: 85% + $500 Tax Credit,0.97
option4,2043,6899.38,6964.88,65.5,conventional,Option 4: 85% + $500 Tax Credit,0.95
option4,2044,7238.5,7304.83,66.34,conventional,Option 4: 85% + $500 Tax Credit,0.92
option4,2045,7600.21,7669.08,68.87,conventional,Option 4: 85% + $500 Tax Credit,0.91
option4,2046,7973.89,8046.37,72.48,conventional,Option 4: 85% + $500 Tax Credit,0.91
option4,2047,8334.26,8410.84,76.58,conventional,Option 4: 85% + $500 Tax Credit,0.92
option4,2048,8718.71,8797.08,78.37,conventional,Option 4: 85% + $500 Tax Credit,0.9
option4,2049,9120.62,9197.98,77.36,conventional,Option 4: 85% + $500 Tax Credit,0.85
option4,2050,9530.97,9608.96,77.99,conventional,Option 4: 85% + $500 Tax Credit,0.82
option4,2051,9983.26,10061.1,77.85,conventional,Option 4: 85% + $500 Tax Credit,0.78
option4,2052,10469.06,10545.33,76.27,conventional,Option 4: 85% + $500 Tax Credit,0.73
option4,2053,10982.44,11058.95,76.51,conventional,Option 4: 85% + $500 Tax Credit,0.7
option4,2054,11373.45,11465.21,91.76,conventional,Option 4: 85% + $500 Tax Credit,0.81
option4,2055,11908.14,12003.89,95.76,conventional,Option 4: 85% + $500 Tax Credit,0.8
option4,2056,12458.22,12559.16,100.94,conventional,Option 4: 85% + $500 Tax Credit,0.81
option4,2057,13070.63,13175.55,104.92,conventional,Option 4: 85% + $500 Tax Credit,0.8
option4,2058,13699.73,13808.78,109.04,conventional,Option 4: 85% + $500 Tax Credit,0.8
option4,2059,14353.91,14467.61,113.71,conventional,Option 4: 85% + $500 Tax Credit,0.79
option4,2060,14992.6,15111.92,119.33,conventional,Option 4: 85% + $500 Tax Credit,0.8
option4,2061,15722.0,15845.98,123.98,conventional,Option 4: 85% + $500 Tax Credit,0.79
option4,2062,16488.32,16615.86,127.54,conventional,Option 4: 85% + $500 Tax Credit,0.77
option4,2063,17226.24,17359.48,133.23,conventional,Option 4: 85% + $500 Tax Credit,0.77
option4,2064,18071.35,18209.36,138.0,conventional,Option 4: 85% + $500 Tax Credit,0.76
option4,2065,18912.34,19056.8,144.47,conventional,Option 4: 85% + $500 Tax Credit,0.76
option4,2066,19850.73,20000.66,149.93,conventional,Option 4: 85% + $500 Tax Credit,0.76
option4,2067,20848.53,21003.85,155.32,conventional,Option 4: 85% + $500 Tax Credit,0.74
option4,2068,21812.18,21974.69,162.51,conventional,Option 4: 85% + $500 Tax Credit,0.75
option4,2069,22869.44,23038.4,168.96,conventional,Option 4: 85% + $500 Tax Credit,0.74
option4,2070,23907.0,24083.64,176.64,conventional,Option 4: 85% + $500 Tax Credit,0.74
option4,2071,25059.42,25242.88,183.46,conventional,Option 4: 85% + $500 Tax Credit,0.73
option4,2072,26234.06,26424.59,190.53,conventional,Option 4: 85% + $500 Tax Credit,0.73
option4,2073,27401.86,27601.75,199.9,conventional,Option 4: 85% + $500 Tax Credit,0.73
option4,2074,28705.08,28913.49,208.41,conventional,Option 4: 85% + $500 Tax Credit,0.73
option4,2075,29992.34,30211.07,218.73,conventional,Option 4: 85% + $500 Tax Credit,0.73
option4,2076,31457.65,31685.06,227.41,conventional,Option 4: 85% + $500 Tax Credit,0.72
option4,2077,32859.48,33098.23,238.75,conventional,Option 4: 85% + $500 Tax Credit,0.73
option4,2078,34318.66,34569.09,250.43,conventional,Option 4: 85% + $500 Tax Credit,0.73
option4,2079,35979.19,36239.87,260.67,conventional,Option 4: 85% + $500 Tax Credit,0.72
option4,2080,37538.39,37811.22,272.83,conventional,Option 4: 85% + $500 Tax Credit,0.73
option4,2081,39205.5,39490.56,285.07,conventional,Option 4: 85% + $500 Tax Credit,0.73
option4,2082,40984.77,41282.29,297.52,conventional,Option 4: 85% + $500 Tax Credit,0.73
option4,2083,42866.99,43177.34,310.35,conventional,Option 4: 85% + $500 Tax Credit,0.72
option4,2084,44798.29,45122.16,323.88,conventional,Option 4: 85% + $500 Tax Credit,0.72
option4,2085,46888.05,47224.7,336.65,conventional,Option 4: 85% + $500 Tax Credit,0.72
option4,2086,48928.27,49281.04,352.77,conventional,Option 4: 85% + $500 Tax Credit,0.72
option4,2087,51158.01,51525.8,367.79,conventional,Option 4: 85% + $500 Tax Credit,0.72
option4,2088,53549.63,53931.58,381.95,conventional,Option 4: 85% + $500 Tax Credit,0.71
option4,2089,55971.3,56371.17,399.88,conventional,Option 4: 85% + $500 Tax Credit,0.71
option4,2090,58704.22,59119.39,415.17,conventional,Option 4: 85% + $500 Tax Credit,0.71
option4,2091,61628.99,62058.76,429.77,conventional,Option 4: 85% + $500 Tax Credit,0.7
option4,2092,64545.56,64992.94,447.38,conventional,Option 4: 85% + $500 Tax Credit,0.69
option4,2093,67574.07,68039.73,465.66,conventional,Option 4: 85% + $500 Tax Credit,0.69
option4,2094,70632.72,71117.93,485.21,conventional,Option 4: 85% + $500 Tax Credit,0.69
option4,2095,73811.65,74318.07,506.42,conventional,Option 4: 85% + $500 Tax Credit,0.69
option4,2096,77112.31,77640.61,528.3,conventional,Option 4: 85% + $500 Tax Credit,0.69
option4,2097,80479.03,81033.86,554.83,conventional,Option 4: 85% + $500 Tax Credit,0.69
option4,2098,84219.44,84797.38,577.94,conventional,Option 4: 85% + $500 Tax Credit,0.69
option4,2099,88154.52,88754.41,599.89,conventional,Option 4: 85% + $500 Tax Credit,0.68
option4,2100,92210.69,92838.31,627.62,conventional,Option 4: 85% + $500 Tax Credit,0.68
option5,2026,2577.12,2635.99,58.87,conventional,Option 5: Roth-Style Swap,2.28
option5,2027,2748.99,2809.68,60.69,conventional,Option 5: Roth-Style Swap,2.21
option5,2028,2959.05,3021.51,62.46,conventional,Option 5: Roth-Style Swap,2.11
option5,2029,3205.07,3264.36,59.29,conventional,Option 5: Roth-Style Swap,1.85
option5,2030,3432.78,3495.08,62.3,conventional,Option 5: Roth-Style Swap,1.81
option5,2031,3640.49,3703.07,62.58,conventional,Option 5: Roth-Style Swap,1.72
option5,2032,3875.09,3938.95,63.86,conventional,Option 5: Roth-Style Swap,1.65
option5,2033,4113.22,4176.33,63.11,conventional,Option 5: Roth-Style Swap,1.53
option5,2034,4359.97,4421.49,61.53,conventional,Option 5: Roth-Style Swap,1.41
option5,2035,4594.77,4656.77,62.0,conventional,Option 5: Roth-Style Swap,1.35
option5,2036,4849.61,4905.57,55.97,conventional,Option 5: Roth-Style Swap,1.15
option5,2037,5094.79,5149.45,54.66,conventional,Option 5: Roth-Style Swap,1.07
option5,2038,5363.14,5415.81,52.68,conventional,Option 5: Roth-Style Swap,0.98
option5,2039,5640.56,5690.38,49.82,conventional,Option 5: Roth-Style Swap,0.88
option5,2040,5933.52,5975.6,42.09,conventional,Option 5: Roth-Style Swap,0.71
option5,2041,6242.52,6281.71,39.19,conventional,Option 5: Roth-Style Swap,0.63
option5,2042,6580.47,6612.65,32.17,conventional,Option 5: Roth-Style Swap,0.49
option5,2043,6899.38,6932.81,33.44,conventional,Option 5: Roth-Style Swap,0.48
option5,2044,7238.5,7263.55,25.05,conventional,Option 5: Roth-Style Swap,0.35
option5,2045,7600.21,7620.1,19.88,conventional,Option 5: Roth-Style Swap,0.26
option5,2046,7973.89,7991.02,17.13,conventional,Option 5: Roth-Style Swap,0.21
option5,2047,8334.26,8349.9,15.64,conventional,Option 5: Roth-Style Swap,0.19
option5,2048,8718.71,8716.18,-2.53,conventional,Option 5: Roth-Style Swap,-0.03
option5,2049,9120.62,9118.03,-2.6,conventional,Option 5: Roth-Style Swap,-0.03
option5,2050,9530.97,9526.33,-4.64,conventional,Option 5: Roth-Style Swap,-0.05
option5,2051,9983.26,9969.36,-13.89,conventional,Option 5: Roth-Style Swap,-0.14
option5,2052,10469.06,10438.68,-30.38,conventional,Option 5: Roth-Style Swap,-0.29
option5,2053,10982.44,10933.53,-48.91,conventional,Option 5: Roth-Style Swap,-0.45
option5,2054,11373.45,11365.07,-8.37,conventional,Option 5: Roth-Style Swap,-0.07
option5,2055,11908.14,11890.45,-17.69,conventional,Option 5: Roth-Style Swap,-0.15
option5,2056,12458.22,12439.24,-18.99,conventional,Option 5: Roth-Style Swap,-0.15
option5,2057,13070.63,13041.42,-29.21,conventional,Option 5: Roth-Style Swap,-0.22
option5,2058,13699.73,13660.93,-38.8,conventional,Option 5: Roth-Style Swap,-0.28
option5,2059,14353.91,14310.3,-43.61,conventional,Option 5: Roth-Style Swap,-0.3
option5,2060,14992.6,14939.52,-53.08,conventional,Option 5: Roth-Style Swap,-0.35
option5,2061,15722.0,15652.76,-69.23,conventional,Option 5: Roth-Style Swap,-0.44
option5,2062,16488.32,16403.85,-84.47,conventional,Option 5: Roth-Style Swap,-0.51
option5,2063,17226.24,17123.19,-103.05,conventional,Option 5: Roth-Style Swap,-0.6
option5,2064,18071.35,17947.33,-124.02,conventional,Option 5: Roth-Style Swap,-0.69
option5,2065,18912.34,18777.59,-134.75,conventional,Option 5: Roth-Style Swap,-0.71
option5,2066,19850.73,19690.53,-160.2,conventional,Option 5: Roth-Style Swap,-0.81
option5,2067,20848.53,20663.42,-185.11,conventional,Option 5: Roth-Style Swap,-0.89
option5,2068,21812.18,21610.2,-201.98,conventional,Option 5: Roth-Style Swap,-0.93
option5,2069,22869.44,22629.19,-240.25,conventional,Option 5: Roth-Style Swap,-1.05
option5,2070,23907.0,23666.08,-240.92,conventional,Option 5: Roth-Style Swap,-1.01
option5,2071,25059.42,24785.5,-273.92,conventional,Option 5: Roth-Style Swap,-1.09
option5,2072,26234.06,25934.23,-299.83,conventional,Option 5: Roth-Style Swap,-1.14
option5,2073,27401.86,27092.85,-309.01,conventional,Option 5: Roth-Style Swap,-1.13
option5,2074,28705.08,28350.1,-354.98,conventional,Option 5: Roth-Style Swap,-1.24
option5,2075,29992.34,29608.2,-384.13,conventional,Option 5: Roth-Style Swap,-1.28
option5,2076,31457.65,31032.7,-424.95,conventional,Option 5: Roth-Style Swap,-1.35
option5,2077,32859.48,32411.16,-448.32,conventional,Option 5: Roth-Style Swap,-1.36
option5,2078,34318.66,33847.3,-471.37,conventional,Option 5: Roth-Style Swap,-1.37
option5,2079,35979.19,35459.93,-519.26,conventional,Option 5: Roth-Style Swap,-1.44
option5,2080,37538.39,36981.76,-556.63,conventional,Option 5: Roth-Style Swap,-1.48
option5,2081,39205.5,38612.94,-592.55,conventional,Option 5: Roth-Style Swap,-1.51
option5,2082,40984.77,40360.49,-624.28,conventional,Option 5: Roth-Style Swap,-1.52
option5,2083,42866.99,42197.81,-669.17,conventional,Option 5: Roth-Style Swap,-1.56
option5,2084,44798.29,44074.72,-723.57,conventional,Option 5: Roth-Style Swap,-1.62
option5,2085,46888.05,46144.72,-743.33,conventional,Option 5: Roth-Style Swap,-1.59
option5,2086,48928.27,48163.15,-765.12,conventional,Option 5: Roth-Style Swap,-1.56
option5,2087,51158.01,50360.21,-797.81,conventional,Option 5: Roth-Style Swap,-1.56
option5,2088,53549.63,52693.64,-855.99,conventional,Option 5: Roth-Style Swap,-1.6
option5,2089,55971.3,55074.84,-896.46,conventional,Option 5: Roth-Style Swap,-1.6
option5,2090,58704.22,57739.03,-965.2,conventional,Option 5: Roth-Style Swap,-1.64
option5,2091,61628.99,60594.61,-1034.37,conventional,Option 5: Roth-Style Swap,-1.68
option5,2092,64545.56,63457.8,-1087.76,conventional,Option 5: Roth-Style Swap,-1.69
option5,2093,67574.07,66465.22,-1108.85,conventional,Option 5: Roth-Style Swap,-1.64
option5,2094,70632.72,69465.69,-1167.03,conventional,Option 5: Roth-Style Swap,-1.65
option5,2095,73811.65,72580.6,-1231.05,conventional,Option 5: Roth-Style Swap,-1.67
option5,2096,77112.31,75817.52,-1294.78,conventional,Option 5: Roth-Style Swap,-1.68
option5,2097,80479.03,79124.29,-1354.74,conventional,Option 5: Roth-Style Swap,-1.68
option5,2098,84219.44,82799.79,-1419.65,conventional,Option 5: Roth-Style Swap,-1.69
option5,2099,88154.52,86623.31,-1531.22,conventional,Option 5: Roth-Style Swap,-1.74
option5,2100,92210.69,90623.23,-1587.46,conventional,Option 5: Roth-Style Swap,-1.72
option6,2026,2577.12,2598.3,21.18,conventional,Option 6: Phased Roth-Style,0.82
option6,2027,2748.99,2792.26,43.27,conventional,Option 6: Phased Roth-Style,1.57
option6,2028,2959.05,3030.59,71.54,conventional,Option 6: Phased Roth-Style,2.42
option6,2029,3205.07,3300.47,95.4,conventional,Option 6: Phased Roth-Style,2.98
option6,2030,3432.78,3550.2,117.42,conventional,Option 6: Phased Roth-Style,3.42
option6,2031,3640.49,3782.89,142.4,conventional,Option 6: Phased Roth-Style,3.91
option6,2032,3875.09,4044.43,169.33,conventional,Option 6: Phased Roth-Style,4.37
option6,2033,4113.22,4300.99,187.77,conventional,Option 6: Phased Roth-Style,4.57
option6,2034,4359.97,4541.71,181.75,conventional,Option 6: Phased Roth-Style,4.17
option6,2035,4594.77,4772.93,178.16,conventional,Option 6: Phased Roth-Style,3.88
option6,2036,4849.61,5016.15,166.55,conventional,Option 6: Phased Roth-Style,3.43
option6,2037,5094.79,5250.76,155.97,conventional,Option 6: Phased Roth-Style,3.06
option6,2038,5363.14,5506.19,143.06,conventional,Option 6: Phased Roth-Style,2.67
option6,2039,5640.56,5772.84,132.28,conventional,Option 6: Phased Roth-Style,2.35
option6,2040,5933.52,6048.09,114.57,conventional,Option 6: Phased Roth-Style,1.93
option6,2041,6242.52,6341.32,98.8,conventional,Option 6: Phased Roth-Style,1.58
option6,2042,6580.47,6660.98,80.51,conventional,Option 6: Phased Roth-Style,1.22
option6,2043,6899.38,6965.85,66.48,conventional,Option 6: Phased Roth-Style,0.96
option6,2044,7238.5,7280.96,42.46,conventional,Option 6: Phased Roth-Style,0.59
option6,2045,7600.21,7620.1,19.88,conventional,Option 6: Phased Roth-Style,0.26
option6,2046,7973.89,7991.02,17.13,conventional,Option 6: Phased Roth-Style,0.21
option6,2047,8334.26,8349.9,15.64,conventional,Option 6: Phased Roth-Style,0.19
option6,2048,8718.71,8716.18,-2.53,conventional,Option 6: Phased Roth-Style,-0.03
option6,2049,9120.62,9118.03,-2.6,conventional,Option 6: Phased Roth-Style,-0.03
option6,2050,9530.97,9526.33,-4.64,conventional,Option 6: Phased Roth-Style,-0.05
option6,2051,9983.26,9969.36,-13.89,conventional,Option 6: Phased Roth-Style,-0.14
option6,2052,10469.06,10438.68,-30.38,conventional,Option 6: Phased Roth-Style,-0.29
option6,2053,10982.44,10933.53,-48.91,conventional,Option 6: Phased Roth-Style,-0.45
option6,2054,11373.45,11365.07,-8.37,conventional,Option 6: Phased Roth-Style,-0.07
option6,2055,11908.14,11890.45,-17.69,conventional,Option 6: Phased Roth-Style,-0.15
option6,2056,12458.22,12439.24,-18.99,conventional,Option 6: Phased Roth-Style,-0.15
option6,2057,13070.63,13041.42,-29.21,conventional,Option 6: Phased Roth-Style,-0.22
option6,2058,13699.73,13660.93,-38.8,conventional,Option 6: Phased Roth-Style,-0.28
option6,2059,14353.91,14310.3,-43.61,conventional,Option 6: Phased Roth-Style,-0.3
option6,2060,14992.6,14939.52,-53.08,conventional,Option 6: Phased Roth-Style,-0.35
option6,2061,15722.0,15652.76,-69.23,conventional,Option 6: Phased Roth-Style,-0.44
option6,2062,16488.32,16403.85,-84.47,conventional,Option 6: Phased Roth-Style,-0.51
option6,2063,17226.24,17123.19,-103.05,conventional,Option 6: Phased Roth-Style,-0.6
option6,2064,18071.35,17947.33,-124.02,conventional,Option 6: Phased Roth-Style,-0.69
option6,2065,18912.34,18777.59,-134.75,conventional,Option 6: Phased Roth-Style,-0.71
option6,2066,19850.73,19690.53,-160.2,conventional,Option 6: Phased Roth-Style,-0.81
option6,2067,20848.53,20663.42,-185.11,conventional,Option 6: Phased Roth-Style,-0.89
option6,2068,21812.18,21610.2,-201.98,conventional,Option 6: Phased Roth-Style,-0.93
option6,2069,22869.44,22629.19,-240.25,conventional,Option 6: Phased Roth-Style,-1.05
option6,2070,23907.0,23666.08,-240.92,conventional,Option 6: Phased Roth-Style,-1.01
option6,2071,25059.42,24785.5,-273.92,conventional,Option 6: Phased Roth-Style,-1.09
option6,2072,26234.06,25934.23,-299.83,conventional,Option 6: Phased Roth-Style,-1.14
option6,2073,27401.86,27092.85,-309.01,conventional,Option 6: Phased Roth-Style,-1.13
option6,2074,28705.08,28350.1,-354.98,conventional,Option 6: Phased Roth-Style,-1.24
option6,2075,29992.34,29608.2,-384.13,conventional,Option 6: Phased Roth-Style,-1.28
option6,2076,31457.65,31032.7,-424.95,conventional,Option 6: Phased Roth-Style,-1.35
option6,2077,32859.48,32411.16,-448.32,conventional,Option 6: Phased Roth-Style,-1.36
option6,2078,34318.66,33847.3,-471.37,conventional,Option 6: Phased Roth-Style,-1.37
option6,2079,35979.19,35459.93,-519.26,conventional,Option 6: Phased Roth-Style,-1.44
option6,2080,37538.39,36981.76,-556.63,conventional,Option 6: Phased Roth-Style,-1.48
option6,2081,39205.5,38612.94,-592.55,conventional,Option 6: Phased Roth-Style,-1.51
option6,2082,40984.77,40360.49,-624.28,conventional,Option 6: Phased Roth-Style,-1.52
option6,2083,42866.99,42197.81,-669.17,conventional,Option 6: Phased Roth-Style,-1.56
option6,2084,44798.29,44074.72,-723.57,conventional,Option 6: Phased Roth-Style,-1.62
option6,2085,46888.05,46144.72,-743.33,conventional,Option 6: Phased Roth-Style,-1.59
option6,2086,48928.27,48163.15,-765.12,conventional,Option 6: Phased Roth-Style,-1.56
option6,2087,51158.01,50360.21,-797.81,conventional,Option 6: Phased Roth-Style,-1.56
option6,2088,53549.63,52693.64,-855.99,conventional,Option 6: Phased Roth-Style,-1.6
option6,2089,55971.3,55074.84,-896.46,conventional,Option 6: Phased Roth-Style,-1.6
option6,2090,58704.22,57739.03,-965.2,conventional,Option 6: Phased Roth-Style,-1.64
option6,2091,61628.99,60594.61,-1034.37,conventional,Option 6: Phased Roth-Style,-1.68
option6,2092,64545.56,63457.8,-1087.76,conventional,Option 6: Phased Roth-Style,-1.69
option6,2093,67574.07,66465.22,-1108.85,conventional,Option 6: Phased Roth-Style,-1.64
option6,2094,70632.72,69465.69,-1167.03,conventional,Option 6: Phased Roth-Style,-1.65
option6,2095,73811.65,72580.6,-1231.05,conventional,Option 6: Phased Roth-Style,-1.67
option6,2096,77112.31,75817.52,-1294.78,conventional,Option 6: Phased Roth-Style,-1.68
option6,2097,80479.03,79124.29,-1354.74,conventional,Option 6: Phased Roth-Style,-1.68
option6,2098,84219.44,82799.79,-1419.65,conventional,Option 6: Phased Roth-Style,-1.69
option6,2099,88154.52,86623.31,-1531.22,conventional,Option 6: Phased Roth-Style,-1.74
option6,2100,92210.69,90623.23,-1587.46,conventional,Option 6: Phased Roth-Style,-1.72
option7,2026,2577.12,2601.09,23.97,conventional,Option 7: Eliminate Senior Deduction,0.93
option7,2027,2748.99,2773.8,24.81,conventional,Option 7: Eliminate Senior Deduction,0.9
option7,2028,2959.05,2984.24,25.18,conventional,Option 7: Eliminate Senior Deduction,0.85
option7,2029,3205.07,3205.07,0.0,conventional,Option 7: Eliminate Senior Deduction,0.0
option7,2030,3432.78,3432.78,0.0,conventional,Option 7: Eliminate Senior Deduction,0.0
option7,2031,3640.49,3640.49,0.0,conventional,Option 7: Eliminate Senior Deduction,0.0
option7,2032,3875.09,3875.09,0.0,conventional,Option 7: Eliminate Senior Deduction,0.0
option7,2033,4113.22,4113.22,0.0,conventional,Option 7: Eliminate Senior Deduction,0.0
option7,2034,4359.97,4359.97,0.0,conventional,Option 7: Eliminate Senior Deduction,0.0
option7,2035,4594.77,4594.77,0.0,conventional,Option 7: Eliminate Senior Deduction,0.0
option7,2036,4849.61,4849.61,0.0,conventional,Option 7: Eliminate Senior Deduction,0.0
option7,2037,5094.79,5094.79,0.0,conventional,Option 7: Eliminate Senior Deduction,0.0
option7,2038,5363.14,5363.14,0.0,conventional,Option 7: Eliminate Senior Deduction,0.0
option7,2039,5640.56,5640.56,0.0,conventional,Option 7: Eliminate Senior Deduction,0.0
option7,2040,5933.52,5933.52,0.0,conventional,Option 7: Eliminate Senior Deduction,0.0
option7,2041,6242.52,6242.52,0.0,conventional,Option 7: Eliminate Senior Deduction,0.0
option7,2042,6580.47,6580.47,0.0,conventional,Option 7: Eliminate Senior Deduction,0.0
option7,2043,6899.38,6899.38,0.0,conventional,Option 7: Eliminate Senior Deduction,0.0
option7,2044,7238.5,7238.5,0.0,conventional,Option 7: Eliminate Senior Deduction,0.0
option7,2045,7600.21,7600.21,0.0,conventional,Option 7: Eliminate Senior Deduction,0.0
option7,2046,7973.89,7973.89,0.0,conventional,Option 7: Eliminate Senior Deduction,0.0
option7,2047,8334.26,8334.26,0.0,conventional,Option 7: Eliminate Senior Deduction,0.0
option7,2048,8718.71,8718.71,0.0,conventional,Option 7: Eliminate Senior Deduction,0.0
option7,2049,9120.62,9120.62,0.0,conventional,Option 7: Eliminate Senior Deduction,0.0
option7,2050,9530.97,9530.97,0.0,conventional,Option 7: Eliminate Senior Deduction,0.0
option7,2051,9983.26,9983.26,0.0,conventional,Option 7: Eliminate Senior Deduction,0.0
option7,2052,10469.06,10469.06,0.0,conventional,Option 7: Eliminate Senior Deduction,0.0
option7,2053,10982.44,10982.44,0.0,conventional,Option 7: Eliminate Senior Deduction,0.0
option7,2054,11373.45,11373.45,0.0,conventional,Option 7: Eliminate Senior Deduction,0.0
option7,2055,11908.14,11908.14,0.0,conventional,Option 7: Eliminate Senior Deduction,0.0
option7,2056,12458.22,12458.22,0.0,conventional,Option 7: Eliminate Senior Deduction,0.0
option7,2057,13070.63,13070.63,0.0,conventional,Option 7: Eliminate Senior Deduction,0.0
option7,2058,13699.73,13699.73,0.0,conventional,Option 7: Eliminate Senior Deduction,0.0
option7,2059,14353.91,14353.91,0.0,conventional,Option 7: Eliminate Senior Deduction,0.0
option7,2060,14992.6,14992.6,0.0,conventional,Option 7: Eliminate Senior Deduction,0.0
option7,2061,15722.0,15722.0,0.0,conventional,Option 7: Eliminate Senior Deduction,0.0
option7,2062,16488.32,16488.32,0.0,conventional,Option 7: Eliminate Senior Deduction,0.0
option7,2063,17226.24,17226.24,0.0,conventional,Option 7: Eliminate Senior Deduction,0.0
option7,2064,18071.35,18071.35,0.0,conventional,Option 7: Eliminate Senior Deduction,0.0
option7,2065,18912.34,18912.34,0.0,conventional,Option 7: Eliminate Senior Deduction,0.0
option7,2066,19850.73,19850.73,0.0,conventional,Option 7: Eliminate Senior Deduction,0.0
option7,2067,20848.53,20848.53,0.0,conventional,Option 7: Eliminate Senior Deduction,0.0
option7,2068,21812.18,21812.18,0.0,conventional,Option 7: Eliminate Senior Deduction,0.0
option7,2069,22869.44,22869.44,0.0,conventional,Option 7: Eliminate Senior Deduction,0.0
option7,2070,23907.0,23907.0,0.0,conventional,Option 7: Eliminate Senior Deduction,0.0
option7,2071,25059.42,25059.42,0.0,conventional,Option 7: Eliminate Senior Deduction,0.0
option7,2072,26234.06,26234.06,0.0,conventional,Option 7: Eliminate Senior Deduction,0.0
option7,2073,27401.86,27401.86,0.0,conventional,Option 7: Eliminate Senior Deduction,0.0
option7,2074,28705.08,28705.08,0.0,conventional,Option 7: Eliminate Senior Deduction,0.0
option7,2075,29992.34,29992.34,0.0,conventional,Option 7: Eliminate Senior Deduction,0.0
option7,2076,31457.65,31457.65,0.0,conventional,Option 7: Eliminate Senior Deduction,0.0
option7,2077,32859.48,32859.48,0.0,conventional,Option 7: Eliminate Senior Deduction,0.0
option7,2078,34318.66,34318.66,0.0,conventional,Option 7: Eliminate Senior Deduction,0.0
option7,2079,35979.19,35979.19,0.0,conventional,Option 7: Eliminate Senior Deduction,0.0
option7,2080,37538.39,37538.39,0.0,conventional,Option 7: Eliminate Senior Deduction,0.0
option7,2081,39205.5,39205.5,0.0,conventional,Option 7: Eliminate Senior Deduction,0.0
option7,2082,40984.77,40984.77,0.0,conventional,Option 7: Eliminate Senior Deduction,0.0
option7,2083,42866.99,42866.99,0.0,conventional,Option 7: Eliminate Senior Deduction,0.0
option7,2084,44798.29,44798.29,0.0,conventional,Option 7: Eliminate Senior Deduction,0.0
option7,2085,46888.05,46888.05,0.0,conventional,Option 7: Eliminate Senior Deduction,0.0
option7,2086,48928.27,48928.27,0.0,conventional,Option 7: Eliminate Senior Deduction,0.0
option7,2087,51158.01,51158.01,0.0,conventional,Option 7: Eliminate Senior Deduction,0.0
option7,2088,53549.63,53549.63,0.0,conventional,Option 7: Eliminate Senior Deduction,0.0
option7,2089,55971.3,55971.3,0.0,conventional,Option 7: Eliminate Senior Deduction,0.0
option7,2090,58704.22,58704.22,0.0,conventional,Option 7: Eliminate Senior Deduction,0.0
option7,2091,61628.99,61628.99,0.0,conventional,Option 7: Eliminate Senior Deduction,0.0
option7,2092,64545.56,64545.56,0.0,conventional,Option 7: Eliminate Senior Deduction,0.0
option7,2093,67574.07,67574.07,0.0,conventional,Option 7: Eliminate Senior Deduction,0.0
option7,2094,70632.72,70632.72,0.0,conventional,Option 7: Eliminate Senior Deduction,0.0
option7,2095,73811.65,73811.65,0.0,conventional,Option 7: Eliminate Senior Deduction,0.0
option7,2096,77112.31,77112.31,0.0,conventional,Option 7: Eliminate Senior Deduction,0.0
option7,2097,80479.03,80479.03,0.0,conventional,Option 7: Eliminate Senior Deduction,0.0
option7,2098,84219.44,84219.44,0.0,conventional,Option 7: Eliminate Senior Deduction,0.0
option7,2099,88154.52,88154.52,0.0,conventional,Option 7: Eliminate Senior Deduction,0.0
option7,2100,92210.69,92210.69,0.0,conventional,Option 7: Eliminate Senior Deduction,0.0
option8,2026,2577.12,2637.36,60.24,conventional,Option 8: 100% Taxation,2.34
option8,2027,2748.99,2812.91,63.93,conventional,Option 8: 100% Taxation,2.33
option8,2028,2959.05,3026.98,67.93,conventional,Option 8: 100% Taxation,2.3
option8,2029,3205.07,3289.81,84.74,conventional,Option 8: 100% Taxation,2.64
option8,2030,3432.78,3522.35,89.57,conventional,Option 8: 100% Taxation,2.61
option8,2031,3640.49,3734.23,93.74,conventional,Option 8: 100% Taxation,2.57
option8,2032,3875.09,3973.73,98.63,conventional,Option 8: 100% Taxation,2.55
option8,2033,4113.22,4216.92,103.7,conventional,Option 8: 100% Taxation,2.52
option8,2034,4359.97,4467.57,107.61,conventional,Option 8: 100% Taxation,2.47
option8,2035,4594.77,4706.35,111.58,conventional,Option 8: 100% Taxation,2.43
option8,2036,4849.61,4965.83,116.23,conventional,Option 8: 100% Taxation,2.4
option8,2037,5094.79,5215.58,120.79,conventional,Option 8: 100% Taxation,2.37
option8,2038,5363.14,5489.18,126.04,conventional,Option 8: 100% Taxation,2.35
option8,2039,5640.56,5770.64,130.08,conventional,Option 8: 100% Taxation,2.31
option8,2040,5933.52,6071.37,137.85,conventional,Option 8: 100% Taxation,2.32
option8,2041,6242.52,6387.35,144.84,conventional,Option 8: 100% Taxation,2.32
option8,2042,6580.47,6728.13,147.66,conventional,Option 8: 100% Taxation,2.24
option8,2043,6899.38,7053.18,153.8,conventional,Option 8: 100% Taxation,2.23
option8,2044,7238.5,7397.53,159.04,conventional,Option 8: 100% Taxation,2.2
option8,2045,7600.21,7765.86,165.65,conventional,Option 8: 100% Taxation,2.18
option8,2046,7973.89,8146.79,172.89,conventional,Option 8: 100% Taxation,2.17
option8,2047,8334.26,8513.99,179.73,conventional,Option 8: 100% Taxation,2.16
option8,2048,8718.71,8904.88,186.17,conventional,Option 8: 100% Taxation,2.14
option8,2049,9120.62,9310.27,189.64,conventional,Option 8: 100% Taxation,2.08
option8,2050,9530.97,9725.35,194.39,conventional,Option 8: 100% Taxation,2.04
option8,2051,9983.26,10183.48,200.22,conventional,Option 8: 100% Taxation,2.01
option8,2052,10469.06,10674.21,205.15,conventional,Option 8: 100% Taxation,1.96
option8,2053,10982.44,11194.59,212.15,conventional,Option 8: 100% Taxation,1.93
option8,2054,11373.45,11605.29,231.84,conventional,Option 8: 100% Taxation,2.04
option8,2055,11908.14,12150.26,242.12,conventional,Option 8: 100% Taxation,2.03
option8,2056,12458.22,12711.9,253.68,conventional,Option 8: 100% Taxation,2.04
option8,2057,13070.63,13334.07,263.44,conventional,Option 8: 100% Taxation,2.02
option8,2058,13699.73,13975.17,275.44,conventional,Option 8: 100% Taxation,2.01
option8,2059,14353.91,14644.17,290.27,conventional,Option 8: 100% Taxation,2.02
option8,2060,14992.6,15294.88,302.29,conventional,Option 8: 100% Taxation,2.02
option8,2061,15722.0,16037.18,315.19,conventional,Option 8: 100% Taxation,2.0
option8,2062,16488.32,16815.86,327.54,conventional,Option 8: 100% Taxation,1.99
option8,2063,17226.24,17567.15,340.91,conventional,Option 8: 100% Taxation,1.98
option8,2064,18071.35,18426.46,355.1,conventional,Option 8: 100% Taxation,1.96
option8,2065,18912.34,19283.31,370.98,conventional,Option 8: 100% Taxation,1.96
option8,2066,19850.73,20238.34,387.61,conventional,Option 8: 100% Taxation,1.95
option8,2067,20848.53,21251.71,403.19,conventional,Option 8: 100% Taxation,1.93
option8,2068,21812.18,22232.7,420.52,conventional,Option 8: 100% Taxation,1.93
option8,2069,22869.44,23307.03,437.59,conventional,Option 8: 100% Taxation,1.91
option8,2070,23907.0,24364.63,457.63,conventional,Option 8: 100% Taxation,1.91
option8,2071,25059.42,25537.09,477.67,conventional,Option 8: 100% Taxation,1.91
option8,2072,26234.06,26733.41,499.35,conventional,Option 8: 100% Taxation,1.9
option8,2073,27401.86,27921.95,520.09,conventional,Option 8: 100% Taxation,1.9
option8,2074,28705.08,29246.5,541.42,conventional,Option 8: 100% Taxation,1.89
option8,2075,29992.34,30557.51,565.17,conventional,Option 8: 100% Taxation,1.88
option8,2076,31457.65,32049.75,592.11,conventional,Option 8: 100% Taxation,1.88
option8,2077,32859.48,33475.49,616.01,conventional,Option 8: 100% Taxation,1.87
option8,2078,34318.66,34965.84,647.18,conventional,Option 8: 100% Taxation,1.89
option8,2079,35979.19,36654.65,675.46,conventional,Option 8: 100% Taxation,1.88
option8,2080,37538.39,38242.16,703.77,conventional,Option 8: 100% Taxation,1.87
option8,2081,39205.5,39935.48,729.99,conventional,Option 8: 100% Taxation,1.86
option8,2082,40984.77,41750.52,765.75,conventional,Option 8: 100% Taxation,1.87
option8,2083,42866.99,43662.36,795.37,conventional,Option 8: 100% Taxation,1.86
option8,2084,44798.29,45625.43,827.14,conventional,Option 8: 100% Taxation,1.85
option8,2085,46888.05,47739.75,851.7,conventional,Option 8: 100% Taxation,1.82
option8,2086,48928.27,49818.17,889.9,conventional,Option 8: 100% Taxation,1.82
option8,2087,51158.01,52089.01,931.0,conventional,Option 8: 100% Taxation,1.82
option8,2088,53549.63,54512.07,962.44,conventional,Option 8: 100% Taxation,1.8
option8,2089,55971.3,56973.52,1002.23,conventional,Option 8: 100% Taxation,1.79
option8,2090,58704.22,59743.23,1039.0,conventional,Option 8: 100% Taxation,1.77
option8,2091,61628.99,62692.85,1063.86,conventional,Option 8: 100% Taxation,1.73
option8,2092,64545.56,65641.8,1096.24,conventional,Option 8: 100% Taxation,1.7
option8,2093,67574.07,68739.16,1165.08,conventional,Option 8: 100% Taxation,1.72
option8,2094,70632.72,71846.92,1214.2,conventional,Option 8: 100% Taxation,1.72
option8,2095,73811.65,75074.5,1262.85,conventional,Option 8: 100% Taxation,1.71
option8,2096,77112.31,78424.97,1312.66,conventional,Option 8: 100% Taxation,1.7
option8,2097,80479.03,81844.09,1365.06,conventional,Option 8: 100% Taxation,1.7
option8,2098,84219.44,85644.27,1424.82,conventional,Option 8: 100% Taxation,1.69
option8,2099,88154.52,89638.26,1483.74,conventional,Option 8: 100% Taxation,1.68
option8,2100,92210.69,93756.26,1545.57,conventional,Option 8: 100% Taxation,1.68
